--- PHASE: F5: Static (Before Scroll) ---
Timestamp: 2026-05-30 14:26:25.488
Total items: 50
CanContentScroll: True
Scroll Offset: 0.00
Realized containers count: 4
Containers details:
  Index 0: Hash=58377623, Title=Mock Wallpaper 0
  Index 1: Hash=55636561, Title=Mock Wallpaper 1
  Index 2: Hash=30967009, Title=Mock Wallpaper 2
  Index 3: Hash=10267631, Title=Mock Wallpaper 3

--- PHASE: Scrolling (ScrollChanged) ---
Timestamp: 2026-05-30 14:26:25.500
Total items: 50
CanContentScroll: True
Scroll Offset: 200.00
Realized containers count: 4
Containers details:
  Index 1: Hash=55636561, Title=Mock Wallpaper 1
  Index 2: Hash=30967009, Title=Mock Wallpaper 2
  Index 3: Hash=10267631, Title=Mock Wallpaper 3
  Index 4: Hash=58377623, Title=Mock Wallpaper 4

--- PHASE: Scrolling (ScrollChanged) ---
Timestamp: 2026-05-30 14:26:25.800
Total items: 50
CanContentScroll: True
Scroll Offset: 400.00
Realized containers count: 5
Containers details:
  Index 1: Hash=55636561, Title=Mock Wallpaper 1
  Index 2: Hash=30967009, Title=Mock Wallpaper 2
  Index 3: Hash=10267631, Title=Mock Wallpaper 3
  Index 4: Hash=58377623, Title=Mock Wallpaper 4
  Index 5: Hash=65300541, Title=Mock Wallpaper 5

--- PHASE: Scrolling (ScrollChanged) ---
Timestamp: 2026-05-30 14:26:26.019
Total items: 50
CanContentScroll: True
Scroll Offset: 403.96
Realized containers count: 6
Containers details:
  Index 1: Hash=55636561, Title=Mock Wallpaper 1
  Index 2: Hash=30967009, Title=Mock Wallpaper 2
  Index 3: Hash=10267631, Title=Mock Wallpaper 3
  Index 4: Hash=58377623, Title=Mock Wallpaper 4
  Index 5: Hash=65300541, Title=Mock Wallpaper 5
  Index 6: Hash=49150280, Title=Mock Wallpaper 6

--- PHASE: Scrolling (ScrollChanged) ---
Timestamp: 2026-05-30 14:26:26.020
Total items: 50
CanContentScroll: True
Scroll Offset: 407.44
Realized containers count: 6
Containers details:
  Index 1: Hash=55636561, Title=Mock Wallpaper 1
  Index 2: Hash=30967009, Title=Mock Wallpaper 2
  Index 3: Hash=10267631, Title=Mock Wallpaper 3
  Index 4: Hash=58377623, Title=Mock Wallpaper 4
  Index 5: Hash=65300541, Title=Mock Wallpaper 5
  Index 6: Hash=49150280, Title=Mock Wallpaper 6

--- PHASE: Scrolling (ScrollChanged) ---
Timestamp: 2026-05-30 14:26:26.023
Total items: 50
CanContentScroll: True
Scroll Offset: 410.51
Realized containers count: 6
Containers details:
  Index 1: Hash=55636561, Title=Mock Wallpaper 1
  Index 2: Hash=30967009, Title=Mock Wallpaper 2
  Index 3: Hash=10267631, Title=Mock Wallpaper 3
  Index 4: Hash=58377623, Title=Mock Wallpaper 4
  Index 5: Hash=65300541, Title=Mock Wallpaper 5
  Index 6: Hash=49150280, Title=Mock Wallpaper 6

--- PHASE: Scrolling (ScrollChanged) ---
Timestamp: 2026-05-30 14:26:26.024
Total items: 50
CanContentScroll: True
Scroll Offset: 413.21
Realized containers count: 6
Containers details:
  Index 1: Hash=55636561, Title=Mock Wallpaper 1
  Index 2: Hash=30967009, Title=Mock Wallpaper 2
  Index 3: Hash=10267631, Title=Mock Wallpaper 3
  Index 4: Hash=58377623, Title=Mock Wallpaper 4
  Index 5: Hash=65300541, Title=Mock Wallpaper 5
  Index 6: Hash=49150280, Title=Mock Wallpaper 6

--- PHASE: Scrolling ---
Timestamp: 2026-05-30 14:26:26.034
Total items: 50
CanContentScroll: True
Scroll Offset: 413.21
Realized containers count: 6
Containers details:
  Index 1: Hash=55636561, Title=Mock Wallpaper 1
  Index 2: Hash=30967009, Title=Mock Wallpaper 2
  Index 3: Hash=10267631, Title=Mock Wallpaper 3
  Index 4: Hash=58377623, Title=Mock Wallpaper 4
  Index 5: Hash=65300541, Title=Mock Wallpaper 5
  Index 6: Hash=49150280, Title=Mock Wallpaper 6

--- PHASE: Scrolling (ScrollChanged) ---
Timestamp: 2026-05-30 14:26:26.035
Total items: 50
CanContentScroll: True
Scroll Offset: 426.67
Realized containers count: 6
Containers details:
  Index 1: Hash=55636561, Title=Mock Wallpaper 1
  Index 2: Hash=30967009, Title=Mock Wallpaper 2
  Index 3: Hash=10267631, Title=Mock Wallpaper 3
  Index 4: Hash=58377623, Title=Mock Wallpaper 4
  Index 5: Hash=65300541, Title=Mock Wallpaper 5
  Index 6: Hash=49150280, Title=Mock Wallpaper 6

--- PHASE: Scrolling (ScrollChanged) ---
Timestamp: 2026-05-30 14:26:26.039
Total items: 50
CanContentScroll: True
Scroll Offset: 438.52
Realized containers count: 6
Containers details:
  Index 1: Hash=55636561, Title=Mock Wallpaper 1
  Index 2: Hash=30967009, Title=Mock Wallpaper 2
  Index 3: Hash=10267631, Title=Mock Wallpaper 3
  Index 4: Hash=58377623, Title=Mock Wallpaper 4
  Index 5: Hash=65300541, Title=Mock Wallpaper 5
  Index 6: Hash=49150280, Title=Mock Wallpaper 6

--- PHASE: Scrolling (ScrollChanged) ---
Timestamp: 2026-05-30 14:26:26.040
Total items: 50
CanContentScroll: True
Scroll Offset: 448.95
Realized containers count: 6
Containers details:
  Index 1: Hash=55636561, Title=Mock Wallpaper 1
  Index 2: Hash=30967009, Title=Mock Wallpaper 2
  Index 3: Hash=10267631, Title=Mock Wallpaper 3
  Index 4: Hash=58377623, Title=Mock Wallpaper 4
  Index 5: Hash=65300541, Title=Mock Wallpaper 5
  Index 6: Hash=49150280, Title=Mock Wallpaper 6

--- PHASE: Scrolling (ScrollChanged) ---
Timestamp: 2026-05-30 14:26:26.052
Total items: 50
CanContentScroll: True
Scroll Offset: 469.60
Realized containers count: 6
Containers details:
  Index 1: Hash=55636561, Title=Mock Wallpaper 1
  Index 2: Hash=30967009, Title=Mock Wallpaper 2
  Index 3: Hash=10267631, Title=Mock Wallpaper 3
  Index 4: Hash=58377623, Title=Mock Wallpaper 4
  Index 5: Hash=65300541, Title=Mock Wallpaper 5
  Index 6: Hash=49150280, Title=Mock Wallpaper 6

--- PHASE: Scrolling (ScrollChanged) ---
Timestamp: 2026-05-30 14:26:26.066
Total items: 50
CanContentScroll: True
Scroll Offset: 498.87
Realized containers count: 6
Containers details:
  Index 1: Hash=55636561, Title=Mock Wallpaper 1
  Index 2: Hash=30967009, Title=Mock Wallpaper 2
  Index 3: Hash=10267631, Title=Mock Wallpaper 3
  Index 4: Hash=58377623, Title=Mock Wallpaper 4
  Index 5: Hash=65300541, Title=Mock Wallpaper 5
  Index 6: Hash=49150280, Title=Mock Wallpaper 6

--- PHASE: Scrolling ---
Timestamp: 2026-05-30 14:26:26.079
Total items: 50
CanContentScroll: True
Scroll Offset: 498.87
Realized containers count: 6
Containers details:
  Index 1: Hash=55636561, Title=Mock Wallpaper 1
  Index 2: Hash=30967009, Title=Mock Wallpaper 2
  Index 3: Hash=10267631, Title=Mock Wallpaper 3
  Index 4: Hash=58377623, Title=Mock Wallpaper 4
  Index 5: Hash=65300541, Title=Mock Wallpaper 5
  Index 6: Hash=49150280, Title=Mock Wallpaper 6

--- PHASE: Scrolling (ScrollChanged) ---
Timestamp: 2026-05-30 14:26:26.080
Total items: 50
CanContentScroll: True
Scroll Offset: 537.70
Realized containers count: 6
Containers details:
  Index 1: Hash=55636561, Title=Mock Wallpaper 1
  Index 2: Hash=30967009, Title=Mock Wallpaper 2
  Index 3: Hash=10267631, Title=Mock Wallpaper 3
  Index 4: Hash=58377623, Title=Mock Wallpaper 4
  Index 5: Hash=65300541, Title=Mock Wallpaper 5
  Index 6: Hash=49150280, Title=Mock Wallpaper 6

--- PHASE: Scrolling (ScrollChanged) ---
Timestamp: 2026-05-30 14:26:26.100
Total items: 50
CanContentScroll: True
Scroll Offset: 596.41
Realized containers count: 5
Containers details:
  Index 2: Hash=30967009, Title=Mock Wallpaper 2
  Index 3: Hash=10267631, Title=Mock Wallpaper 3
  Index 4: Hash=58377623, Title=Mock Wallpaper 4
  Index 5: Hash=65300541, Title=Mock Wallpaper 5
  Index 6: Hash=49150280, Title=Mock Wallpaper 6

--- PHASE: F5: Settled (After Scroll) ---
Timestamp: 2026-05-30 14:26:26.106
Total items: 50
CanContentScroll: True
Scroll Offset: 596.41
Realized containers count: 5
Containers details:
  Index 2: Hash=30967009, Title=Mock Wallpaper 2
  Index 3: Hash=10267631, Title=Mock Wallpaper 3
  Index 4: Hash=58377623, Title=Mock Wallpaper 4
  Index 5: Hash=65300541, Title=Mock Wallpaper 5
  Index 6: Hash=49150280, Title=Mock Wallpaper 6

--- PHASE: Scrolling (ScrollChanged) ---
Timestamp: 2026-05-30 14:26:26.112
Total items: 50
CanContentScroll: True
Scroll Offset: 656.40
Realized containers count: 5
Containers details:
  Index 2: Hash=30967009, Title=Mock Wallpaper 2
  Index 3: Hash=10267631, Title=Mock Wallpaper 3
  Index 4: Hash=58377623, Title=Mock Wallpaper 4
  Index 5: Hash=65300541, Title=Mock Wallpaper 5
  Index 6: Hash=49150280, Title=Mock Wallpaper 6

--- PHASE: Scrolling (ScrollChanged) ---
Timestamp: 2026-05-30 14:26:26.120
Total items: 50
CanContentScroll: True
Scroll Offset: 709.19
Realized containers count: 6
Containers details:
  Index 2: Hash=30967009, Title=Mock Wallpaper 2
  Index 3: Hash=10267631, Title=Mock Wallpaper 3
  Index 4: Hash=58377623, Title=Mock Wallpaper 4
  Index 5: Hash=65300541, Title=Mock Wallpaper 5
  Index 6: Hash=49150280, Title=Mock Wallpaper 6
  Index 7: Hash=55636561, Title=Mock Wallpaper 7

--- PHASE: Scrolling (ScrollChanged) ---
Timestamp: 2026-05-30 14:26:26.135
Total items: 50
CanContentScroll: True
Scroll Offset: 791.28
Realized containers count: 5
Containers details:
  Index 3: Hash=10267631, Title=Mock Wallpaper 3
  Index 4: Hash=58377623, Title=Mock Wallpaper 4
  Index 5: Hash=65300541, Title=Mock Wallpaper 5
  Index 6: Hash=49150280, Title=Mock Wallpaper 6
  Index 7: Hash=55636561, Title=Mock Wallpaper 7

--- PHASE: Scrolling ---
Timestamp: 2026-05-30 14:26:26.148
Total items: 50
CanContentScroll: True
Scroll Offset: 791.28
Realized containers count: 5
Containers details:
  Index 3: Hash=10267631, Title=Mock Wallpaper 3
  Index 4: Hash=58377623, Title=Mock Wallpaper 4
  Index 5: Hash=65300541, Title=Mock Wallpaper 5
  Index 6: Hash=49150280, Title=Mock Wallpaper 6
  Index 7: Hash=55636561, Title=Mock Wallpaper 7

--- PHASE: Scrolling (ScrollChanged) ---
Timestamp: 2026-05-30 14:26:26.151
Total items: 50
CanContentScroll: True
Scroll Offset: 895.60
Realized containers count: 6
Containers details:
  Index 3: Hash=10267631, Title=Mock Wallpaper 3
  Index 4: Hash=58377623, Title=Mock Wallpaper 4
  Index 5: Hash=65300541, Title=Mock Wallpaper 5
  Index 6: Hash=49150280, Title=Mock Wallpaper 6
  Index 7: Hash=55636561, Title=Mock Wallpaper 7
  Index 8: Hash=30967009, Title=Mock Wallpaper 8

--- PHASE: Scrolling (ScrollChanged) ---
Timestamp: 2026-05-30 14:26:26.164
Total items: 50
CanContentScroll: True
Scroll Offset: 1011.16
Realized containers count: 5
Containers details:
  Index 4: Hash=58377623, Title=Mock Wallpaper 4
  Index 5: Hash=65300541, Title=Mock Wallpaper 5
  Index 6: Hash=49150280, Title=Mock Wallpaper 6
  Index 7: Hash=55636561, Title=Mock Wallpaper 7
  Index 8: Hash=30967009, Title=Mock Wallpaper 8

--- PHASE: Scrolling (ScrollChanged) ---
Timestamp: 2026-05-30 14:26:26.182
Total items: 50
CanContentScroll: True
Scroll Offset: 1136.61
Realized containers count: 5
Containers details:
  Index 5: Hash=65300541, Title=Mock Wallpaper 5
  Index 6: Hash=49150280, Title=Mock Wallpaper 6
  Index 7: Hash=55636561, Title=Mock Wallpaper 7
  Index 8: Hash=30967009, Title=Mock Wallpaper 8
  Index 9: Hash=10267631, Title=Mock Wallpaper 9

--- PHASE: Scrolling (ScrollChanged) ---
Timestamp: 2026-05-30 14:26:26.188
Total items: 50
CanContentScroll: True
Scroll Offset: 1247.01
Realized containers count: 6
Containers details:
  Index 5: Hash=65300541, Title=Mock Wallpaper 5
  Index 6: Hash=49150280, Title=Mock Wallpaper 6
  Index 7: Hash=55636561, Title=Mock Wallpaper 7
  Index 8: Hash=30967009, Title=Mock Wallpaper 8
  Index 9: Hash=10267631, Title=Mock Wallpaper 9
  Index 10: Hash=58377623, Title=Mock Wallpaper 10

--- PHASE: Scrolling (ScrollChanged) ---
Timestamp: 2026-05-30 14:26:26.198
Total items: 50
CanContentScroll: True
Scroll Offset: 1377.82
Realized containers count: 6
Containers details:
  Index 6: Hash=49150280, Title=Mock Wallpaper 6
  Index 7: Hash=55636561, Title=Mock Wallpaper 7
  Index 8: Hash=30967009, Title=Mock Wallpaper 8
  Index 9: Hash=10267631, Title=Mock Wallpaper 9
  Index 10: Hash=58377623, Title=Mock Wallpaper 10
  Index 11: Hash=65300541, Title=Mock Wallpaper 11

--- PHASE: Scrolling ---
Timestamp: 2026-05-30 14:26:26.210
Total items: 50
CanContentScroll: True
Scroll Offset: 1377.82
Realized containers count: 6
Containers details:
  Index 6: Hash=49150280, Title=Mock Wallpaper 6
  Index 7: Hash=55636561, Title=Mock Wallpaper 7
  Index 8: Hash=30967009, Title=Mock Wallpaper 8
  Index 9: Hash=10267631, Title=Mock Wallpaper 9
  Index 10: Hash=58377623, Title=Mock Wallpaper 10
  Index 11: Hash=65300541, Title=Mock Wallpaper 11

--- PHASE: Scrolling (ScrollChanged) ---
Timestamp: 2026-05-30 14:26:26.212
Total items: 50
CanContentScroll: True
Scroll Offset: 1513.13
Realized containers count: 5
Containers details:
  Index 7: Hash=55636561, Title=Mock Wallpaper 7
  Index 8: Hash=30967009, Title=Mock Wallpaper 8
  Index 9: Hash=10267631, Title=Mock Wallpaper 9
  Index 10: Hash=58377623, Title=Mock Wallpaper 10
  Index 11: Hash=65300541, Title=Mock Wallpaper 11

--- PHASE: Scrolling (ScrollChanged) ---
Timestamp: 2026-05-30 14:26:26.227
Total items: 50
CanContentScroll: True
Scroll Offset: 1650.42
Realized containers count: 5
Containers details:
  Index 8: Hash=30967009, Title=Mock Wallpaper 8
  Index 9: Hash=10267631, Title=Mock Wallpaper 9
  Index 10: Hash=58377623, Title=Mock Wallpaper 10
  Index 11: Hash=65300541, Title=Mock Wallpaper 11
  Index 12: Hash=49150280, Title=Mock Wallpaper 12

--- PHASE: Scrolling (ScrollChanged) ---
Timestamp: 2026-05-30 14:26:26.236
Total items: 50
CanContentScroll: True
Scroll Offset: 1779.55
Realized containers count: 6
Containers details:
  Index 8: Hash=30967009, Title=Mock Wallpaper 8
  Index 9: Hash=10267631, Title=Mock Wallpaper 9
  Index 10: Hash=58377623, Title=Mock Wallpaper 10
  Index 11: Hash=65300541, Title=Mock Wallpaper 11
  Index 12: Hash=49150280, Title=Mock Wallpaper 12
  Index 13: Hash=55636561, Title=Mock Wallpaper 13

--- PHASE: Scrolling (ScrollChanged) ---
Timestamp: 2026-05-30 14:26:26.248
Total items: 50
CanContentScroll: True
Scroll Offset: 1907.83
Realized containers count: 6
Containers details:
  Index 9: Hash=10267631, Title=Mock Wallpaper 9
  Index 10: Hash=58377623, Title=Mock Wallpaper 10
  Index 11: Hash=65300541, Title=Mock Wallpaper 11
  Index 12: Hash=49150280, Title=Mock Wallpaper 12
  Index 13: Hash=55636561, Title=Mock Wallpaper 13
  Index 14: Hash=30967009, Title=Mock Wallpaper 14

--- PHASE: Scrolling (ScrollChanged) ---
Timestamp: 2026-05-30 14:26:26.261
Total items: 50
CanContentScroll: True
Scroll Offset: 2033.40
Realized containers count: 5
Containers details:
  Index 10: Hash=58377623, Title=Mock Wallpaper 10
  Index 11: Hash=65300541, Title=Mock Wallpaper 11
  Index 12: Hash=49150280, Title=Mock Wallpaper 12
  Index 13: Hash=55636561, Title=Mock Wallpaper 13
  Index 14: Hash=30967009, Title=Mock Wallpaper 14

--- PHASE: Scrolling ---
Timestamp: 2026-05-30 14:26:26.274
Total items: 50
CanContentScroll: True
Scroll Offset: 2033.40
Realized containers count: 5
Containers details:
  Index 10: Hash=58377623, Title=Mock Wallpaper 10
  Index 11: Hash=65300541, Title=Mock Wallpaper 11
  Index 12: Hash=49150280, Title=Mock Wallpaper 12
  Index 13: Hash=55636561, Title=Mock Wallpaper 13
  Index 14: Hash=30967009, Title=Mock Wallpaper 14

--- PHASE: Scrolling (ScrollChanged) ---
Timestamp: 2026-05-30 14:26:26.279
Total items: 50
CanContentScroll: True
Scroll Offset: 2155.77
Realized containers count: 5
Containers details:
  Index 11: Hash=65300541, Title=Mock Wallpaper 11
  Index 12: Hash=49150280, Title=Mock Wallpaper 12
  Index 13: Hash=55636561, Title=Mock Wallpaper 13
  Index 14: Hash=30967009, Title=Mock Wallpaper 14
  Index 15: Hash=10267631, Title=Mock Wallpaper 15

--- PHASE: Scrolling (ScrollChanged) ---
Timestamp: 2026-05-30 14:26:26.293
Total items: 50
CanContentScroll: True
Scroll Offset: 2274.55
Realized containers count: 6
Containers details:
  Index 11: Hash=65300541, Title=Mock Wallpaper 11
  Index 12: Hash=49150280, Title=Mock Wallpaper 12
  Index 13: Hash=55636561, Title=Mock Wallpaper 13
  Index 14: Hash=30967009, Title=Mock Wallpaper 14
  Index 15: Hash=10267631, Title=Mock Wallpaper 15
  Index 16: Hash=58377623, Title=Mock Wallpaper 16

--- PHASE: Scrolling (ScrollChanged) ---
Timestamp: 2026-05-30 14:26:26.304
Total items: 50
CanContentScroll: True
Scroll Offset: 2389.77
Realized containers count: 5
Containers details:
  Index 12: Hash=49150280, Title=Mock Wallpaper 12
  Index 13: Hash=55636561, Title=Mock Wallpaper 13
  Index 14: Hash=30967009, Title=Mock Wallpaper 14
  Index 15: Hash=10267631, Title=Mock Wallpaper 15
  Index 16: Hash=58377623, Title=Mock Wallpaper 16

--- PHASE: Scrolling (ScrollChanged) ---
Timestamp: 2026-05-30 14:26:26.321
Total items: 50
CanContentScroll: True
Scroll Offset: 2500.67
Realized containers count: 5
Containers details:
  Index 13: Hash=55636561, Title=Mock Wallpaper 13
  Index 14: Hash=30967009, Title=Mock Wallpaper 14
  Index 15: Hash=10267631, Title=Mock Wallpaper 15
  Index 16: Hash=58377623, Title=Mock Wallpaper 16
  Index 17: Hash=65300541, Title=Mock Wallpaper 17

--- PHASE: Scrolling (ScrollChanged) ---
Timestamp: 2026-05-30 14:26:26.339
Total items: 50
CanContentScroll: True
Scroll Offset: 2615.68
Realized containers count: 6
Containers details:
  Index 13: Hash=55636561, Title=Mock Wallpaper 13
  Index 14: Hash=30967009, Title=Mock Wallpaper 14
  Index 15: Hash=10267631, Title=Mock Wallpaper 15
  Index 16: Hash=58377623, Title=Mock Wallpaper 16
  Index 17: Hash=65300541, Title=Mock Wallpaper 17
  Index 18: Hash=49150280, Title=Mock Wallpaper 18

--- PHASE: Scrolling ---
Timestamp: 2026-05-30 14:26:26.350
Total items: 50
CanContentScroll: True
Scroll Offset: 2615.68
Realized containers count: 6
Containers details:
  Index 13: Hash=55636561, Title=Mock Wallpaper 13
  Index 14: Hash=30967009, Title=Mock Wallpaper 14
  Index 15: Hash=10267631, Title=Mock Wallpaper 15
  Index 16: Hash=58377623, Title=Mock Wallpaper 16
  Index 17: Hash=65300541, Title=Mock Wallpaper 17
  Index 18: Hash=49150280, Title=Mock Wallpaper 18

--- PHASE: Scrolling (ScrollChanged) ---
Timestamp: 2026-05-30 14:26:26.353
Total items: 50
CanContentScroll: True
Scroll Offset: 2726.00
Realized containers count: 5
Containers details:
  Index 14: Hash=30967009, Title=Mock Wallpaper 14
  Index 15: Hash=10267631, Title=Mock Wallpaper 15
  Index 16: Hash=58377623, Title=Mock Wallpaper 16
  Index 17: Hash=65300541, Title=Mock Wallpaper 17
  Index 18: Hash=49150280, Title=Mock Wallpaper 18

--- PHASE: Scrolling (ScrollChanged) ---
Timestamp: 2026-05-30 14:26:26.370
Total items: 50
CanContentScroll: True
Scroll Offset: 2832.98
Realized containers count: 5
Containers details:
  Index 15: Hash=10267631, Title=Mock Wallpaper 15
  Index 16: Hash=58377623, Title=Mock Wallpaper 16
  Index 17: Hash=65300541, Title=Mock Wallpaper 17
  Index 18: Hash=49150280, Title=Mock Wallpaper 18
  Index 19: Hash=55636561, Title=Mock Wallpaper 19

--- PHASE: Scrolling (ScrollChanged) ---
Timestamp: 2026-05-30 14:26:26.380
Total items: 50
CanContentScroll: True
Scroll Offset: 2933.46
Realized containers count: 6
Containers details:
  Index 15: Hash=10267631, Title=Mock Wallpaper 15
  Index 16: Hash=58377623, Title=Mock Wallpaper 16
  Index 17: Hash=65300541, Title=Mock Wallpaper 17
  Index 18: Hash=49150280, Title=Mock Wallpaper 18
  Index 19: Hash=55636561, Title=Mock Wallpaper 19
  Index 20: Hash=30967009, Title=Mock Wallpaper 20

--- PHASE: Scrolling (ScrollChanged) ---
Timestamp: 2026-05-30 14:26:26.391
Total items: 50
CanContentScroll: True
Scroll Offset: 3024.65
Realized containers count: 5
Containers details:
  Index 16: Hash=58377623, Title=Mock Wallpaper 16
  Index 17: Hash=65300541, Title=Mock Wallpaper 17
  Index 18: Hash=49150280, Title=Mock Wallpaper 18
  Index 19: Hash=55636561, Title=Mock Wallpaper 19
  Index 20: Hash=30967009, Title=Mock Wallpaper 20

--- PHASE: Scrolling (ScrollChanged) ---
Timestamp: 2026-05-30 14:26:26.407
Total items: 50
CanContentScroll: True
Scroll Offset: 3104.90
Realized containers count: 6
Containers details:
  Index 16: Hash=58377623, Title=Mock Wallpaper 16
  Index 17: Hash=65300541, Title=Mock Wallpaper 17
  Index 18: Hash=49150280, Title=Mock Wallpaper 18
  Index 19: Hash=55636561, Title=Mock Wallpaper 19
  Index 20: Hash=30967009, Title=Mock Wallpaper 20
  Index 21: Hash=10267631, Title=Mock Wallpaper 21

--- PHASE: Scrolling ---
Timestamp: 2026-05-30 14:26:26.416
Total items: 50
CanContentScroll: True
Scroll Offset: 3104.90
Realized containers count: 6
Containers details:
  Index 16: Hash=58377623, Title=Mock Wallpaper 16
  Index 17: Hash=65300541, Title=Mock Wallpaper 17
  Index 18: Hash=49150280, Title=Mock Wallpaper 18
  Index 19: Hash=55636561, Title=Mock Wallpaper 19
  Index 20: Hash=30967009, Title=Mock Wallpaper 20
  Index 21: Hash=10267631, Title=Mock Wallpaper 21

--- PHASE: Scrolling (ScrollChanged) ---
Timestamp: 2026-05-30 14:26:26.418
Total items: 50
CanContentScroll: True
Scroll Offset: 3175.52
Realized containers count: 5
Containers details:
  Index 17: Hash=65300541, Title=Mock Wallpaper 17
  Index 18: Hash=49150280, Title=Mock Wallpaper 18
  Index 19: Hash=55636561, Title=Mock Wallpaper 19
  Index 20: Hash=30967009, Title=Mock Wallpaper 20
  Index 21: Hash=10267631, Title=Mock Wallpaper 21

--- PHASE: Scrolling (ScrollChanged) ---
Timestamp: 2026-05-30 14:26:26.428
Total items: 50
CanContentScroll: True
Scroll Offset: 3237.67
Realized containers count: 6
Containers details:
  Index 17: Hash=65300541, Title=Mock Wallpaper 17
  Index 18: Hash=49150280, Title=Mock Wallpaper 18
  Index 19: Hash=55636561, Title=Mock Wallpaper 19
  Index 20: Hash=30967009, Title=Mock Wallpaper 20
  Index 21: Hash=10267631, Title=Mock Wallpaper 21
  Index 22: Hash=58377623, Title=Mock Wallpaper 22

--- PHASE: Scrolling (ScrollChanged) ---
Timestamp: 2026-05-30 14:26:26.429
Total items: 50
CanContentScroll: True
Scroll Offset: 3292.35
Realized containers count: 6
Containers details:
  Index 17: Hash=65300541, Title=Mock Wallpaper 17
  Index 18: Hash=49150280, Title=Mock Wallpaper 18
  Index 19: Hash=55636561, Title=Mock Wallpaper 19
  Index 20: Hash=30967009, Title=Mock Wallpaper 20
  Index 21: Hash=10267631, Title=Mock Wallpaper 21
  Index 22: Hash=58377623, Title=Mock Wallpaper 22

--- PHASE: Scrolling (ScrollChanged) ---
Timestamp: 2026-05-30 14:26:26.436
Total items: 50
CanContentScroll: True
Scroll Offset: 3340.48
Realized containers count: 6
Containers details:
  Index 18: Hash=49150280, Title=Mock Wallpaper 18
  Index 19: Hash=55636561, Title=Mock Wallpaper 19
  Index 20: Hash=30967009, Title=Mock Wallpaper 20
  Index 21: Hash=10267631, Title=Mock Wallpaper 21
  Index 22: Hash=58377623, Title=Mock Wallpaper 22
  Index 23: Hash=9915935, Title=Mock Wallpaper 23

--- PHASE: Scrolling (ScrollChanged) ---
Timestamp: 2026-05-30 14:26:26.438
Total items: 50
CanContentScroll: True
Scroll Offset: 3382.83
Realized containers count: 6
Containers details:
  Index 18: Hash=49150280, Title=Mock Wallpaper 18
  Index 19: Hash=55636561, Title=Mock Wallpaper 19
  Index 20: Hash=30967009, Title=Mock Wallpaper 20
  Index 21: Hash=10267631, Title=Mock Wallpaper 21
  Index 22: Hash=58377623, Title=Mock Wallpaper 22
  Index 23: Hash=9915935, Title=Mock Wallpaper 23

--- PHASE: Scrolling ---
Timestamp: 2026-05-30 14:26:26.441
Total items: 50
CanContentScroll: True
Scroll Offset: 3382.83
Realized containers count: 6
Containers details:
  Index 18: Hash=49150280, Title=Mock Wallpaper 18
  Index 19: Hash=55636561, Title=Mock Wallpaper 19
  Index 20: Hash=30967009, Title=Mock Wallpaper 20
  Index 21: Hash=10267631, Title=Mock Wallpaper 21
  Index 22: Hash=58377623, Title=Mock Wallpaper 22
  Index 23: Hash=9915935, Title=Mock Wallpaper 23

--- PHASE: Scrolling (ScrollChanged) ---
Timestamp: 2026-05-30 14:26:26.441
Total items: 50
CanContentScroll: True
Scroll Offset: 3420.10
Realized containers count: 6
Containers details:
  Index 18: Hash=49150280, Title=Mock Wallpaper 18
  Index 19: Hash=55636561, Title=Mock Wallpaper 19
  Index 20: Hash=30967009, Title=Mock Wallpaper 20
  Index 21: Hash=10267631, Title=Mock Wallpaper 21
  Index 22: Hash=58377623, Title=Mock Wallpaper 22
  Index 23: Hash=9915935, Title=Mock Wallpaper 23

--- PHASE: Scrolling (ScrollChanged) ---
Timestamp: 2026-05-30 14:26:26.442
Total items: 50
CanContentScroll: True
Scroll Offset: 3452.89
Realized containers count: 6
Containers details:
  Index 18: Hash=49150280, Title=Mock Wallpaper 18
  Index 19: Hash=55636561, Title=Mock Wallpaper 19
  Index 20: Hash=30967009, Title=Mock Wallpaper 20
  Index 21: Hash=10267631, Title=Mock Wallpaper 21
  Index 22: Hash=58377623, Title=Mock Wallpaper 22
  Index 23: Hash=9915935, Title=Mock Wallpaper 23

--- PHASE: Scrolling (ScrollChanged) ---
Timestamp: 2026-05-30 14:26:26.447
Total items: 50
CanContentScroll: True
Scroll Offset: 3481.75
Realized containers count: 6
Containers details:
  Index 19: Hash=55636561, Title=Mock Wallpaper 19
  Index 20: Hash=30967009, Title=Mock Wallpaper 20
  Index 21: Hash=10267631, Title=Mock Wallpaper 21
  Index 22: Hash=58377623, Title=Mock Wallpaper 22
  Index 23: Hash=9915935, Title=Mock Wallpaper 23
  Index 24: Hash=65300541, Title=Mock Wallpaper 24

--- PHASE: Scrolling (ScrollChanged) ---
Timestamp: 2026-05-30 14:26:26.450
Total items: 50
CanContentScroll: True
Scroll Offset: 3507.15
Realized containers count: 6
Containers details:
  Index 19: Hash=55636561, Title=Mock Wallpaper 19
  Index 20: Hash=30967009, Title=Mock Wallpaper 20
  Index 21: Hash=10267631, Title=Mock Wallpaper 21
  Index 22: Hash=58377623, Title=Mock Wallpaper 22
  Index 23: Hash=9915935, Title=Mock Wallpaper 23
  Index 24: Hash=65300541, Title=Mock Wallpaper 24

--- PHASE: Scrolling (ScrollChanged) ---
Timestamp: 2026-05-30 14:26:26.453
Total items: 50
CanContentScroll: True
Scroll Offset: 3529.50
Realized containers count: 6
Containers details:
  Index 19: Hash=55636561, Title=Mock Wallpaper 19
  Index 20: Hash=30967009, Title=Mock Wallpaper 20
  Index 21: Hash=10267631, Title=Mock Wallpaper 21
  Index 22: Hash=58377623, Title=Mock Wallpaper 22
  Index 23: Hash=9915935, Title=Mock Wallpaper 23
  Index 24: Hash=65300541, Title=Mock Wallpaper 24

--- PHASE: Scrolling ---
Timestamp: 2026-05-30 14:26:26.456
Total items: 50
CanContentScroll: True
Scroll Offset: 3529.50
Realized containers count: 6
Containers details:
  Index 19: Hash=55636561, Title=Mock Wallpaper 19
  Index 20: Hash=30967009, Title=Mock Wallpaper 20
  Index 21: Hash=10267631, Title=Mock Wallpaper 21
  Index 22: Hash=58377623, Title=Mock Wallpaper 22
  Index 23: Hash=9915935, Title=Mock Wallpaper 23
  Index 24: Hash=65300541, Title=Mock Wallpaper 24

--- PHASE: Scrolling (ScrollChanged) ---
Timestamp: 2026-05-30 14:26:26.456
Total items: 50
CanContentScroll: True
Scroll Offset: 3549.17
Realized containers count: 6
Containers details:
  Index 19: Hash=55636561, Title=Mock Wallpaper 19
  Index 20: Hash=30967009, Title=Mock Wallpaper 20
  Index 21: Hash=10267631, Title=Mock Wallpaper 21
  Index 22: Hash=58377623, Title=Mock Wallpaper 22
  Index 23: Hash=9915935, Title=Mock Wallpaper 23
  Index 24: Hash=65300541, Title=Mock Wallpaper 24

--- PHASE: Scrolling (ScrollChanged) ---
Timestamp: 2026-05-30 14:26:26.458
Total items: 50
CanContentScroll: True
Scroll Offset: 3566.48
Realized containers count: 6
Containers details:
  Index 19: Hash=55636561, Title=Mock Wallpaper 19
  Index 20: Hash=30967009, Title=Mock Wallpaper 20
  Index 21: Hash=10267631, Title=Mock Wallpaper 21
  Index 22: Hash=58377623, Title=Mock Wallpaper 22
  Index 23: Hash=9915935, Title=Mock Wallpaper 23
  Index 24: Hash=65300541, Title=Mock Wallpaper 24

--- PHASE: Scrolling (ScrollChanged) ---
Timestamp: 2026-05-30 14:26:26.460
Total items: 50
CanContentScroll: True
Scroll Offset: 3581.71
Realized containers count: 6
Containers details:
  Index 19: Hash=55636561, Title=Mock Wallpaper 19
  Index 20: Hash=30967009, Title=Mock Wallpaper 20
  Index 21: Hash=10267631, Title=Mock Wallpaper 21
  Index 22: Hash=58377623, Title=Mock Wallpaper 22
  Index 23: Hash=9915935, Title=Mock Wallpaper 23
  Index 24: Hash=65300541, Title=Mock Wallpaper 24

--- PHASE: Scrolling (ScrollChanged) ---
Timestamp: 2026-05-30 14:26:26.461
Total items: 50
CanContentScroll: True
Scroll Offset: 3595.11
Realized containers count: 6
Containers details:
  Index 19: Hash=55636561, Title=Mock Wallpaper 19
  Index 20: Hash=30967009, Title=Mock Wallpaper 20
  Index 21: Hash=10267631, Title=Mock Wallpaper 21
  Index 22: Hash=58377623, Title=Mock Wallpaper 22
  Index 23: Hash=9915935, Title=Mock Wallpaper 23
  Index 24: Hash=65300541, Title=Mock Wallpaper 24

--- PHASE: Scrolling (ScrollChanged) ---
Timestamp: 2026-05-30 14:26:26.466
Total items: 50
CanContentScroll: True
Scroll Offset: 3606.91
Realized containers count: 7
Containers details:
  Index 19: Hash=55636561, Title=Mock Wallpaper 19
  Index 20: Hash=30967009, Title=Mock Wallpaper 20
  Index 21: Hash=10267631, Title=Mock Wallpaper 21
  Index 22: Hash=58377623, Title=Mock Wallpaper 22
  Index 23: Hash=9915935, Title=Mock Wallpaper 23
  Index 24: Hash=65300541, Title=Mock Wallpaper 24
  Index 25: Hash=49150280, Title=Mock Wallpaper 25

--- PHASE: Scrolling ---
Timestamp: 2026-05-30 14:26:26.468
Total items: 50
CanContentScroll: True
Scroll Offset: 3606.91
Realized containers count: 7
Containers details:
  Index 19: Hash=55636561, Title=Mock Wallpaper 19
  Index 20: Hash=30967009, Title=Mock Wallpaper 20
  Index 21: Hash=10267631, Title=Mock Wallpaper 21
  Index 22: Hash=58377623, Title=Mock Wallpaper 22
  Index 23: Hash=9915935, Title=Mock Wallpaper 23
  Index 24: Hash=65300541, Title=Mock Wallpaper 24
  Index 25: Hash=49150280, Title=Mock Wallpaper 25

--- PHASE: Scrolling (ScrollChanged) ---
Timestamp: 2026-05-30 14:26:26.468
Total items: 50
CanContentScroll: True
Scroll Offset: 3617.29
Realized containers count: 7
Containers details:
  Index 19: Hash=55636561, Title=Mock Wallpaper 19
  Index 20: Hash=30967009, Title=Mock Wallpaper 20
  Index 21: Hash=10267631, Title=Mock Wallpaper 21
  Index 22: Hash=58377623, Title=Mock Wallpaper 22
  Index 23: Hash=9915935, Title=Mock Wallpaper 23
  Index 24: Hash=65300541, Title=Mock Wallpaper 24
  Index 25: Hash=49150280, Title=Mock Wallpaper 25

--- PHASE: Scrolling (ScrollChanged) ---
Timestamp: 2026-05-30 14:26:26.470
Total items: 50
CanContentScroll: True
Scroll Offset: 3626.42
Realized containers count: 7
Containers details:
  Index 19: Hash=55636561, Title=Mock Wallpaper 19
  Index 20: Hash=30967009, Title=Mock Wallpaper 20
  Index 21: Hash=10267631, Title=Mock Wallpaper 21
  Index 22: Hash=58377623, Title=Mock Wallpaper 22
  Index 23: Hash=9915935, Title=Mock Wallpaper 23
  Index 24: Hash=65300541, Title=Mock Wallpaper 24
  Index 25: Hash=49150280, Title=Mock Wallpaper 25

--- PHASE: Scrolling (ScrollChanged) ---
Timestamp: 2026-05-30 14:26:26.473
Total items: 50
CanContentScroll: True
Scroll Offset: 3634.46
Realized containers count: 6
Containers details:
  Index 20: Hash=30967009, Title=Mock Wallpaper 20
  Index 21: Hash=10267631, Title=Mock Wallpaper 21
  Index 22: Hash=58377623, Title=Mock Wallpaper 22
  Index 23: Hash=9915935, Title=Mock Wallpaper 23
  Index 24: Hash=65300541, Title=Mock Wallpaper 24
  Index 25: Hash=49150280, Title=Mock Wallpaper 25

--- PHASE: Scrolling (ScrollChanged) ---
Timestamp: 2026-05-30 14:26:26.475
Total items: 50
CanContentScroll: True
Scroll Offset: 3641.53
Realized containers count: 6
Containers details:
  Index 20: Hash=30967009, Title=Mock Wallpaper 20
  Index 21: Hash=10267631, Title=Mock Wallpaper 21
  Index 22: Hash=58377623, Title=Mock Wallpaper 22
  Index 23: Hash=9915935, Title=Mock Wallpaper 23
  Index 24: Hash=65300541, Title=Mock Wallpaper 24
  Index 25: Hash=49150280, Title=Mock Wallpaper 25

--- PHASE: Scrolling (ScrollChanged) ---
Timestamp: 2026-05-30 14:26:26.477
Total items: 50
CanContentScroll: True
Scroll Offset: 3647.75
Realized containers count: 6
Containers details:
  Index 20: Hash=30967009, Title=Mock Wallpaper 20
  Index 21: Hash=10267631, Title=Mock Wallpaper 21
  Index 22: Hash=58377623, Title=Mock Wallpaper 22
  Index 23: Hash=9915935, Title=Mock Wallpaper 23
  Index 24: Hash=65300541, Title=Mock Wallpaper 24
  Index 25: Hash=49150280, Title=Mock Wallpaper 25

--- PHASE: Scrolling ---
Timestamp: 2026-05-30 14:26:26.479
Total items: 50
CanContentScroll: True
Scroll Offset: 3647.75
Realized containers count: 6
Containers details:
  Index 20: Hash=30967009, Title=Mock Wallpaper 20
  Index 21: Hash=10267631, Title=Mock Wallpaper 21
  Index 22: Hash=58377623, Title=Mock Wallpaper 22
  Index 23: Hash=9915935, Title=Mock Wallpaper 23
  Index 24: Hash=65300541, Title=Mock Wallpaper 24
  Index 25: Hash=49150280, Title=Mock Wallpaper 25

--- PHASE: Scrolling (ScrollChanged) ---
Timestamp: 2026-05-30 14:26:26.481
Total items: 50
CanContentScroll: True
Scroll Offset: 3653.23
Realized containers count: 6
Containers details:
  Index 20: Hash=30967009, Title=Mock Wallpaper 20
  Index 21: Hash=10267631, Title=Mock Wallpaper 21
  Index 22: Hash=58377623, Title=Mock Wallpaper 22
  Index 23: Hash=9915935, Title=Mock Wallpaper 23
  Index 24: Hash=65300541, Title=Mock Wallpaper 24
  Index 25: Hash=49150280, Title=Mock Wallpaper 25

--- PHASE: Scrolling (ScrollChanged) ---
Timestamp: 2026-05-30 14:26:26.484
Total items: 50
CanContentScroll: True
Scroll Offset: 3658.05
Realized containers count: 6
Containers details:
  Index 20: Hash=30967009, Title=Mock Wallpaper 20
  Index 21: Hash=10267631, Title=Mock Wallpaper 21
  Index 22: Hash=58377623, Title=Mock Wallpaper 22
  Index 23: Hash=9915935, Title=Mock Wallpaper 23
  Index 24: Hash=65300541, Title=Mock Wallpaper 24
  Index 25: Hash=49150280, Title=Mock Wallpaper 25

--- PHASE: Scrolling (ScrollChanged) ---
Timestamp: 2026-05-30 14:26:26.488
Total items: 50
CanContentScroll: True
Scroll Offset: 3662.29
Realized containers count: 6
Containers details:
  Index 20: Hash=30967009, Title=Mock Wallpaper 20
  Index 21: Hash=10267631, Title=Mock Wallpaper 21
  Index 22: Hash=58377623, Title=Mock Wallpaper 22
  Index 23: Hash=9915935, Title=Mock Wallpaper 23
  Index 24: Hash=65300541, Title=Mock Wallpaper 24
  Index 25: Hash=49150280, Title=Mock Wallpaper 25

--- PHASE: Scrolling (ScrollChanged) ---
Timestamp: 2026-05-30 14:26:26.491
Total items: 50
CanContentScroll: True
Scroll Offset: 3666.03
Realized containers count: 6
Containers details:
  Index 20: Hash=30967009, Title=Mock Wallpaper 20
  Index 21: Hash=10267631, Title=Mock Wallpaper 21
  Index 22: Hash=58377623, Title=Mock Wallpaper 22
  Index 23: Hash=9915935, Title=Mock Wallpaper 23
  Index 24: Hash=65300541, Title=Mock Wallpaper 24
  Index 25: Hash=49150280, Title=Mock Wallpaper 25

--- PHASE: Scrolling (ScrollChanged) ---
Timestamp: 2026-05-30 14:26:26.492
Total items: 50
CanContentScroll: True
Scroll Offset: 3669.31
Realized containers count: 6
Containers details:
  Index 20: Hash=30967009, Title=Mock Wallpaper 20
  Index 21: Hash=10267631, Title=Mock Wallpaper 21
  Index 22: Hash=58377623, Title=Mock Wallpaper 22
  Index 23: Hash=9915935, Title=Mock Wallpaper 23
  Index 24: Hash=65300541, Title=Mock Wallpaper 24
  Index 25: Hash=49150280, Title=Mock Wallpaper 25

--- PHASE: Scrolling ---
Timestamp: 2026-05-30 14:26:26.493
Total items: 50
CanContentScroll: True
Scroll Offset: 3669.31
Realized containers count: 6
Containers details:
  Index 20: Hash=30967009, Title=Mock Wallpaper 20
  Index 21: Hash=10267631, Title=Mock Wallpaper 21
  Index 22: Hash=58377623, Title=Mock Wallpaper 22
  Index 23: Hash=9915935, Title=Mock Wallpaper 23
  Index 24: Hash=65300541, Title=Mock Wallpaper 24
  Index 25: Hash=49150280, Title=Mock Wallpaper 25

--- PHASE: Scrolling (ScrollChanged) ---
Timestamp: 2026-05-30 14:26:26.494
Total items: 50
CanContentScroll: True
Scroll Offset: 3672.20
Realized containers count: 6
Containers details:
  Index 20: Hash=30967009, Title=Mock Wallpaper 20
  Index 21: Hash=10267631, Title=Mock Wallpaper 21
  Index 22: Hash=58377623, Title=Mock Wallpaper 22
  Index 23: Hash=9915935, Title=Mock Wallpaper 23
  Index 24: Hash=65300541, Title=Mock Wallpaper 24
  Index 25: Hash=49150280, Title=Mock Wallpaper 25

--- PHASE: Scrolling (ScrollChanged) ---
Timestamp: 2026-05-30 14:26:26.496
Total items: 50
CanContentScroll: True
Scroll Offset: 3674.75
Realized containers count: 6
Containers details:
  Index 20: Hash=30967009, Title=Mock Wallpaper 20
  Index 21: Hash=10267631, Title=Mock Wallpaper 21
  Index 22: Hash=58377623, Title=Mock Wallpaper 22
  Index 23: Hash=9915935, Title=Mock Wallpaper 23
  Index 24: Hash=65300541, Title=Mock Wallpaper 24
  Index 25: Hash=49150280, Title=Mock Wallpaper 25

--- PHASE: Scrolling (ScrollChanged) ---
Timestamp: 2026-05-30 14:26:26.496
Total items: 50
CanContentScroll: True
Scroll Offset: 3676.98
Realized containers count: 6
Containers details:
  Index 20: Hash=30967009, Title=Mock Wallpaper 20
  Index 21: Hash=10267631, Title=Mock Wallpaper 21
  Index 22: Hash=58377623, Title=Mock Wallpaper 22
  Index 23: Hash=9915935, Title=Mock Wallpaper 23
  Index 24: Hash=65300541, Title=Mock Wallpaper 24
  Index 25: Hash=49150280, Title=Mock Wallpaper 25

--- PHASE: Scrolling (ScrollChanged) ---
Timestamp: 2026-05-30 14:26:26.499
Total items: 50
CanContentScroll: True
Scroll Offset: 3678.95
Realized containers count: 6
Containers details:
  Index 20: Hash=30967009, Title=Mock Wallpaper 20
  Index 21: Hash=10267631, Title=Mock Wallpaper 21
  Index 22: Hash=58377623, Title=Mock Wallpaper 22
  Index 23: Hash=9915935, Title=Mock Wallpaper 23
  Index 24: Hash=65300541, Title=Mock Wallpaper 24
  Index 25: Hash=49150280, Title=Mock Wallpaper 25

--- PHASE: Scrolling (ScrollChanged) ---
Timestamp: 2026-05-30 14:26:26.502
Total items: 50
CanContentScroll: True
Scroll Offset: 3680.69
Realized containers count: 6
Containers details:
  Index 20: Hash=30967009, Title=Mock Wallpaper 20
  Index 21: Hash=10267631, Title=Mock Wallpaper 21
  Index 22: Hash=58377623, Title=Mock Wallpaper 22
  Index 23: Hash=9915935, Title=Mock Wallpaper 23
  Index 24: Hash=65300541, Title=Mock Wallpaper 24
  Index 25: Hash=49150280, Title=Mock Wallpaper 25

--- PHASE: Scrolling ---
Timestamp: 2026-05-30 14:26:26.504
Total items: 50
CanContentScroll: True
Scroll Offset: 3680.69
Realized containers count: 6
Containers details:
  Index 20: Hash=30967009, Title=Mock Wallpaper 20
  Index 21: Hash=10267631, Title=Mock Wallpaper 21
  Index 22: Hash=58377623, Title=Mock Wallpaper 22
  Index 23: Hash=9915935, Title=Mock Wallpaper 23
  Index 24: Hash=65300541, Title=Mock Wallpaper 24
  Index 25: Hash=49150280, Title=Mock Wallpaper 25

--- PHASE: Scrolling (ScrollChanged) ---
Timestamp: 2026-05-30 14:26:26.505
Total items: 50
CanContentScroll: True
Scroll Offset: 3682.21
Realized containers count: 6
Containers details:
  Index 20: Hash=30967009, Title=Mock Wallpaper 20
  Index 21: Hash=10267631, Title=Mock Wallpaper 21
  Index 22: Hash=58377623, Title=Mock Wallpaper 22
  Index 23: Hash=9915935, Title=Mock Wallpaper 23
  Index 24: Hash=65300541, Title=Mock Wallpaper 24
  Index 25: Hash=49150280, Title=Mock Wallpaper 25

--- PHASE: Scrolling (ScrollChanged) ---
Timestamp: 2026-05-30 14:26:26.506
Total items: 50
CanContentScroll: True
Scroll Offset: 3683.56
Realized containers count: 6
Containers details:
  Index 20: Hash=30967009, Title=Mock Wallpaper 20
  Index 21: Hash=10267631, Title=Mock Wallpaper 21
  Index 22: Hash=58377623, Title=Mock Wallpaper 22
  Index 23: Hash=9915935, Title=Mock Wallpaper 23
  Index 24: Hash=65300541, Title=Mock Wallpaper 24
  Index 25: Hash=49150280, Title=Mock Wallpaper 25

--- PHASE: Scrolling (ScrollChanged) ---
Timestamp: 2026-05-30 14:26:26.508
Total items: 50
CanContentScroll: True
Scroll Offset: 3684.74
Realized containers count: 6
Containers details:
  Index 20: Hash=30967009, Title=Mock Wallpaper 20
  Index 21: Hash=10267631, Title=Mock Wallpaper 21
  Index 22: Hash=58377623, Title=Mock Wallpaper 22
  Index 23: Hash=9915935, Title=Mock Wallpaper 23
  Index 24: Hash=65300541, Title=Mock Wallpaper 24
  Index 25: Hash=49150280, Title=Mock Wallpaper 25

--- PHASE: Scrolling (ScrollChanged) ---
Timestamp: 2026-05-30 14:26:26.511
Total items: 50
CanContentScroll: True
Scroll Offset: 3685.78
Realized containers count: 6
Containers details:
  Index 20: Hash=30967009, Title=Mock Wallpaper 20
  Index 21: Hash=10267631, Title=Mock Wallpaper 21
  Index 22: Hash=58377623, Title=Mock Wallpaper 22
  Index 23: Hash=9915935, Title=Mock Wallpaper 23
  Index 24: Hash=65300541, Title=Mock Wallpaper 24
  Index 25: Hash=49150280, Title=Mock Wallpaper 25

--- PHASE: Scrolling (ScrollChanged) ---
Timestamp: 2026-05-30 14:26:26.513
Total items: 50
CanContentScroll: True
Scroll Offset: 3686.69
Realized containers count: 6
Containers details:
  Index 20: Hash=30967009, Title=Mock Wallpaper 20
  Index 21: Hash=10267631, Title=Mock Wallpaper 21
  Index 22: Hash=58377623, Title=Mock Wallpaper 22
  Index 23: Hash=9915935, Title=Mock Wallpaper 23
  Index 24: Hash=65300541, Title=Mock Wallpaper 24
  Index 25: Hash=49150280, Title=Mock Wallpaper 25

--- PHASE: Scrolling ---
Timestamp: 2026-05-30 14:26:26.516
Total items: 50
CanContentScroll: True
Scroll Offset: 3686.69
Realized containers count: 6
Containers details:
  Index 20: Hash=30967009, Title=Mock Wallpaper 20
  Index 21: Hash=10267631, Title=Mock Wallpaper 21
  Index 22: Hash=58377623, Title=Mock Wallpaper 22
  Index 23: Hash=9915935, Title=Mock Wallpaper 23
  Index 24: Hash=65300541, Title=Mock Wallpaper 24
  Index 25: Hash=49150280, Title=Mock Wallpaper 25

--- PHASE: Scrolling (ScrollChanged) ---
Timestamp: 2026-05-30 14:26:26.516
Total items: 50
CanContentScroll: True
Scroll Offset: 3687.50
Realized containers count: 6
Containers details:
  Index 20: Hash=30967009, Title=Mock Wallpaper 20
  Index 21: Hash=10267631, Title=Mock Wallpaper 21
  Index 22: Hash=58377623, Title=Mock Wallpaper 22
  Index 23: Hash=9915935, Title=Mock Wallpaper 23
  Index 24: Hash=65300541, Title=Mock Wallpaper 24
  Index 25: Hash=49150280, Title=Mock Wallpaper 25

--- PHASE: Scrolling (ScrollChanged) ---
Timestamp: 2026-05-30 14:26:26.519
Total items: 50
CanContentScroll: True
Scroll Offset: 3688.20
Realized containers count: 6
Containers details:
  Index 20: Hash=30967009, Title=Mock Wallpaper 20
  Index 21: Hash=10267631, Title=Mock Wallpaper 21
  Index 22: Hash=58377623, Title=Mock Wallpaper 22
  Index 23: Hash=9915935, Title=Mock Wallpaper 23
  Index 24: Hash=65300541, Title=Mock Wallpaper 24
  Index 25: Hash=49150280, Title=Mock Wallpaper 25

--- PHASE: Scrolling (ScrollChanged) ---
Timestamp: 2026-05-30 14:26:26.521
Total items: 50
CanContentScroll: True
Scroll Offset: 3688.83
Realized containers count: 6
Containers details:
  Index 20: Hash=30967009, Title=Mock Wallpaper 20
  Index 21: Hash=10267631, Title=Mock Wallpaper 21
  Index 22: Hash=58377623, Title=Mock Wallpaper 22
  Index 23: Hash=9915935, Title=Mock Wallpaper 23
  Index 24: Hash=65300541, Title=Mock Wallpaper 24
  Index 25: Hash=49150280, Title=Mock Wallpaper 25

--- PHASE: Scrolling (ScrollChanged) ---
Timestamp: 2026-05-30 14:26:26.523
Total items: 50
CanContentScroll: True
Scroll Offset: 3689.38
Realized containers count: 6
Containers details:
  Index 20: Hash=30967009, Title=Mock Wallpaper 20
  Index 21: Hash=10267631, Title=Mock Wallpaper 21
  Index 22: Hash=58377623, Title=Mock Wallpaper 22
  Index 23: Hash=9915935, Title=Mock Wallpaper 23
  Index 24: Hash=65300541, Title=Mock Wallpaper 24
  Index 25: Hash=49150280, Title=Mock Wallpaper 25

--- PHASE: Scrolling (ScrollChanged) ---
Timestamp: 2026-05-30 14:26:26.525
Total items: 50
CanContentScroll: True
Scroll Offset: 3689.86
Realized containers count: 6
Containers details:
  Index 20: Hash=30967009, Title=Mock Wallpaper 20
  Index 21: Hash=10267631, Title=Mock Wallpaper 21
  Index 22: Hash=58377623, Title=Mock Wallpaper 22
  Index 23: Hash=9915935, Title=Mock Wallpaper 23
  Index 24: Hash=65300541, Title=Mock Wallpaper 24
  Index 25: Hash=49150280, Title=Mock Wallpaper 25

--- PHASE: Scrolling ---
Timestamp: 2026-05-30 14:26:26.526
Total items: 50
CanContentScroll: True
Scroll Offset: 3689.86
Realized containers count: 6
Containers details:
  Index 20: Hash=30967009, Title=Mock Wallpaper 20
  Index 21: Hash=10267631, Title=Mock Wallpaper 21
  Index 22: Hash=58377623, Title=Mock Wallpaper 22
  Index 23: Hash=9915935, Title=Mock Wallpaper 23
  Index 24: Hash=65300541, Title=Mock Wallpaper 24
  Index 25: Hash=49150280, Title=Mock Wallpaper 25

--- PHASE: Scrolling (ScrollChanged) ---
Timestamp: 2026-05-30 14:26:26.527
Total items: 50
CanContentScroll: True
Scroll Offset: 3690.28
Realized containers count: 6
Containers details:
  Index 20: Hash=30967009, Title=Mock Wallpaper 20
  Index 21: Hash=10267631, Title=Mock Wallpaper 21
  Index 22: Hash=58377623, Title=Mock Wallpaper 22
  Index 23: Hash=9915935, Title=Mock Wallpaper 23
  Index 24: Hash=65300541, Title=Mock Wallpaper 24
  Index 25: Hash=49150280, Title=Mock Wallpaper 25

--- PHASE: Settled (After Scroll) ---
Timestamp: 2026-05-30 14:26:26.529
Total items: 50
CanContentScroll: True
Scroll Offset: 3690.28
Realized containers count: 6
Containers details:
  Index 20: Hash=30967009, Title=Mock Wallpaper 20
  Index 21: Hash=10267631, Title=Mock Wallpaper 21
  Index 22: Hash=58377623, Title=Mock Wallpaper 22
  Index 23: Hash=9915935, Title=Mock Wallpaper 23
  Index 24: Hash=65300541, Title=Mock Wallpaper 24
  Index 25: Hash=49150280, Title=Mock Wallpaper 25

--- PHASE: Scrolling (ScrollChanged) ---
Timestamp: 2026-05-30 14:26:26.536
Total items: 50
CanContentScroll: True
Scroll Offset: 3698.60
Realized containers count: 6
Containers details:
  Index 20: Hash=30967009, Title=Mock Wallpaper 20
  Index 21: Hash=10267631, Title=Mock Wallpaper 21
  Index 22: Hash=58377623, Title=Mock Wallpaper 22
  Index 23: Hash=9915935, Title=Mock Wallpaper 23
  Index 24: Hash=65300541, Title=Mock Wallpaper 24
  Index 25: Hash=49150280, Title=Mock Wallpaper 25

--- PHASE: Scrolling (ScrollChanged) ---
Timestamp: 2026-05-30 14:26:26.540
Total items: 50
CanContentScroll: True
Scroll Offset: 3705.92
Realized containers count: 6
Containers details:
  Index 20: Hash=30967009, Title=Mock Wallpaper 20
  Index 21: Hash=10267631, Title=Mock Wallpaper 21
  Index 22: Hash=58377623, Title=Mock Wallpaper 22
  Index 23: Hash=9915935, Title=Mock Wallpaper 23
  Index 24: Hash=65300541, Title=Mock Wallpaper 24
  Index 25: Hash=49150280, Title=Mock Wallpaper 25

--- PHASE: Scrolling (ScrollChanged) ---
Timestamp: 2026-05-30 14:26:26.542
Total items: 50
CanContentScroll: True
Scroll Offset: 3712.36
Realized containers count: 6
Containers details:
  Index 20: Hash=30967009, Title=Mock Wallpaper 20
  Index 21: Hash=10267631, Title=Mock Wallpaper 21
  Index 22: Hash=58377623, Title=Mock Wallpaper 22
  Index 23: Hash=9915935, Title=Mock Wallpaper 23
  Index 24: Hash=65300541, Title=Mock Wallpaper 24
  Index 25: Hash=49150280, Title=Mock Wallpaper 25

--- PHASE: Scrolling (ScrollChanged) ---
Timestamp: 2026-05-30 14:26:26.544
Total items: 50
CanContentScroll: True
Scroll Offset: 3718.03
Realized containers count: 6
Containers details:
  Index 20: Hash=30967009, Title=Mock Wallpaper 20
  Index 21: Hash=10267631, Title=Mock Wallpaper 21
  Index 22: Hash=58377623, Title=Mock Wallpaper 22
  Index 23: Hash=9915935, Title=Mock Wallpaper 23
  Index 24: Hash=65300541, Title=Mock Wallpaper 24
  Index 25: Hash=49150280, Title=Mock Wallpaper 25

--- PHASE: Scrolling ---
Timestamp: 2026-05-30 14:26:26.545
Total items: 50
CanContentScroll: True
Scroll Offset: 3718.03
Realized containers count: 6
Containers details:
  Index 20: Hash=30967009, Title=Mock Wallpaper 20
  Index 21: Hash=10267631, Title=Mock Wallpaper 21
  Index 22: Hash=58377623, Title=Mock Wallpaper 22
  Index 23: Hash=9915935, Title=Mock Wallpaper 23
  Index 24: Hash=65300541, Title=Mock Wallpaper 24
  Index 25: Hash=49150280, Title=Mock Wallpaper 25

--- PHASE: Scrolling (ScrollChanged) ---
Timestamp: 2026-05-30 14:26:26.546
Total items: 50
CanContentScroll: True
Scroll Offset: 3723.01
Realized containers count: 6
Containers details:
  Index 20: Hash=30967009, Title=Mock Wallpaper 20
  Index 21: Hash=10267631, Title=Mock Wallpaper 21
  Index 22: Hash=58377623, Title=Mock Wallpaper 22
  Index 23: Hash=9915935, Title=Mock Wallpaper 23
  Index 24: Hash=65300541, Title=Mock Wallpaper 24
  Index 25: Hash=49150280, Title=Mock Wallpaper 25

--- PHASE: Scrolling (ScrollChanged) ---
Timestamp: 2026-05-30 14:26:26.548
Total items: 50
CanContentScroll: True
Scroll Offset: 3727.40
Realized containers count: 6
Containers details:
  Index 20: Hash=30967009, Title=Mock Wallpaper 20
  Index 21: Hash=10267631, Title=Mock Wallpaper 21
  Index 22: Hash=58377623, Title=Mock Wallpaper 22
  Index 23: Hash=9915935, Title=Mock Wallpaper 23
  Index 24: Hash=65300541, Title=Mock Wallpaper 24
  Index 25: Hash=49150280, Title=Mock Wallpaper 25

--- PHASE: Scrolling (ScrollChanged) ---
Timestamp: 2026-05-30 14:26:26.551
Total items: 50
CanContentScroll: True
Scroll Offset: 3731.26
Realized containers count: 6
Containers details:
  Index 20: Hash=30967009, Title=Mock Wallpaper 20
  Index 21: Hash=10267631, Title=Mock Wallpaper 21
  Index 22: Hash=58377623, Title=Mock Wallpaper 22
  Index 23: Hash=9915935, Title=Mock Wallpaper 23
  Index 24: Hash=65300541, Title=Mock Wallpaper 24
  Index 25: Hash=49150280, Title=Mock Wallpaper 25

--- PHASE: Scrolling (ScrollChanged) ---
Timestamp: 2026-05-30 14:26:26.554
Total items: 50
CanContentScroll: True
Scroll Offset: 3734.66
Realized containers count: 6
Containers details:
  Index 20: Hash=30967009, Title=Mock Wallpaper 20
  Index 21: Hash=10267631, Title=Mock Wallpaper 21
  Index 22: Hash=58377623, Title=Mock Wallpaper 22
  Index 23: Hash=9915935, Title=Mock Wallpaper 23
  Index 24: Hash=65300541, Title=Mock Wallpaper 24
  Index 25: Hash=49150280, Title=Mock Wallpaper 25

--- PHASE: Scrolling (ScrollChanged) ---
Timestamp: 2026-05-30 14:26:26.557
Total items: 50
CanContentScroll: True
Scroll Offset: 3737.65
Realized containers count: 6
Containers details:
  Index 20: Hash=30967009, Title=Mock Wallpaper 20
  Index 21: Hash=10267631, Title=Mock Wallpaper 21
  Index 22: Hash=58377623, Title=Mock Wallpaper 22
  Index 23: Hash=9915935, Title=Mock Wallpaper 23
  Index 24: Hash=65300541, Title=Mock Wallpaper 24
  Index 25: Hash=49150280, Title=Mock Wallpaper 25

--- PHASE: Scrolling ---
Timestamp: 2026-05-30 14:26:26.559
Total items: 50
CanContentScroll: True
Scroll Offset: 3737.65
Realized containers count: 6
Containers details:
  Index 20: Hash=30967009, Title=Mock Wallpaper 20
  Index 21: Hash=10267631, Title=Mock Wallpaper 21
  Index 22: Hash=58377623, Title=Mock Wallpaper 22
  Index 23: Hash=9915935, Title=Mock Wallpaper 23
  Index 24: Hash=65300541, Title=Mock Wallpaper 24
  Index 25: Hash=49150280, Title=Mock Wallpaper 25

--- PHASE: Scrolling (ScrollChanged) ---
Timestamp: 2026-05-30 14:26:26.560
Total items: 50
CanContentScroll: True
Scroll Offset: 3740.28
Realized containers count: 6
Containers details:
  Index 20: Hash=30967009, Title=Mock Wallpaper 20
  Index 21: Hash=10267631, Title=Mock Wallpaper 21
  Index 22: Hash=58377623, Title=Mock Wallpaper 22
  Index 23: Hash=9915935, Title=Mock Wallpaper 23
  Index 24: Hash=65300541, Title=Mock Wallpaper 24
  Index 25: Hash=49150280, Title=Mock Wallpaper 25

--- PHASE: Scrolling (ScrollChanged) ---
Timestamp: 2026-05-30 14:26:26.561
Total items: 50
CanContentScroll: True
Scroll Offset: 3742.60
Realized containers count: 6
Containers details:
  Index 20: Hash=30967009, Title=Mock Wallpaper 20
  Index 21: Hash=10267631, Title=Mock Wallpaper 21
  Index 22: Hash=58377623, Title=Mock Wallpaper 22
  Index 23: Hash=9915935, Title=Mock Wallpaper 23
  Index 24: Hash=65300541, Title=Mock Wallpaper 24
  Index 25: Hash=49150280, Title=Mock Wallpaper 25

--- PHASE: Scrolling (ScrollChanged) ---
Timestamp: 2026-05-30 14:26:26.563
Total items: 50
CanContentScroll: True
Scroll Offset: 3744.64
Realized containers count: 6
Containers details:
  Index 20: Hash=30967009, Title=Mock Wallpaper 20
  Index 21: Hash=10267631, Title=Mock Wallpaper 21
  Index 22: Hash=58377623, Title=Mock Wallpaper 22
  Index 23: Hash=9915935, Title=Mock Wallpaper 23
  Index 24: Hash=65300541, Title=Mock Wallpaper 24
  Index 25: Hash=49150280, Title=Mock Wallpaper 25

--- PHASE: Scrolling (ScrollChanged) ---
Timestamp: 2026-05-30 14:26:26.565
Total items: 50
CanContentScroll: True
Scroll Offset: 3746.43
Realized containers count: 6
Containers details:
  Index 20: Hash=30967009, Title=Mock Wallpaper 20
  Index 21: Hash=10267631, Title=Mock Wallpaper 21
  Index 22: Hash=58377623, Title=Mock Wallpaper 22
  Index 23: Hash=9915935, Title=Mock Wallpaper 23
  Index 24: Hash=65300541, Title=Mock Wallpaper 24
  Index 25: Hash=49150280, Title=Mock Wallpaper 25

--- PHASE: Scrolling (ScrollChanged) ---
Timestamp: 2026-05-30 14:26:26.566
Total items: 50
CanContentScroll: True
Scroll Offset: 3748.01
Realized containers count: 6
Containers details:
  Index 20: Hash=30967009, Title=Mock Wallpaper 20
  Index 21: Hash=10267631, Title=Mock Wallpaper 21
  Index 22: Hash=58377623, Title=Mock Wallpaper 22
  Index 23: Hash=9915935, Title=Mock Wallpaper 23
  Index 24: Hash=65300541, Title=Mock Wallpaper 24
  Index 25: Hash=49150280, Title=Mock Wallpaper 25

--- PHASE: Scrolling ---
Timestamp: 2026-05-30 14:26:26.568
Total items: 50
CanContentScroll: True
Scroll Offset: 3748.01
Realized containers count: 6
Containers details:
  Index 20: Hash=30967009, Title=Mock Wallpaper 20
  Index 21: Hash=10267631, Title=Mock Wallpaper 21
  Index 22: Hash=58377623, Title=Mock Wallpaper 22
  Index 23: Hash=9915935, Title=Mock Wallpaper 23
  Index 24: Hash=65300541, Title=Mock Wallpaper 24
  Index 25: Hash=49150280, Title=Mock Wallpaper 25

--- PHASE: Scrolling (ScrollChanged) ---
Timestamp: 2026-05-30 14:26:26.568
Total items: 50
CanContentScroll: True
Scroll Offset: 3749.40
Realized containers count: 6
Containers details:
  Index 20: Hash=30967009, Title=Mock Wallpaper 20
  Index 21: Hash=10267631, Title=Mock Wallpaper 21
  Index 22: Hash=58377623, Title=Mock Wallpaper 22
  Index 23: Hash=9915935, Title=Mock Wallpaper 23
  Index 24: Hash=65300541, Title=Mock Wallpaper 24
  Index 25: Hash=49150280, Title=Mock Wallpaper 25

--- PHASE: Scrolling (ScrollChanged) ---
Timestamp: 2026-05-30 14:26:26.570
Total items: 50
CanContentScroll: True
Scroll Offset: 3750.62
Realized containers count: 6
Containers details:
  Index 20: Hash=30967009, Title=Mock Wallpaper 20
  Index 21: Hash=10267631, Title=Mock Wallpaper 21
  Index 22: Hash=58377623, Title=Mock Wallpaper 22
  Index 23: Hash=9915935, Title=Mock Wallpaper 23
  Index 24: Hash=65300541, Title=Mock Wallpaper 24
  Index 25: Hash=49150280, Title=Mock Wallpaper 25

--- PHASE: Scrolling (ScrollChanged) ---
Timestamp: 2026-05-30 14:26:26.573
Total items: 50
CanContentScroll: True
Scroll Offset: 3751.70
Realized containers count: 6
Containers details:
  Index 20: Hash=30967009, Title=Mock Wallpaper 20
  Index 21: Hash=10267631, Title=Mock Wallpaper 21
  Index 22: Hash=58377623, Title=Mock Wallpaper 22
  Index 23: Hash=9915935, Title=Mock Wallpaper 23
  Index 24: Hash=65300541, Title=Mock Wallpaper 24
  Index 25: Hash=49150280, Title=Mock Wallpaper 25

--- PHASE: Scrolling (ScrollChanged) ---
Timestamp: 2026-05-30 14:26:26.576
Total items: 50
CanContentScroll: True
Scroll Offset: 3752.64
Realized containers count: 6
Containers details:
  Index 20: Hash=30967009, Title=Mock Wallpaper 20
  Index 21: Hash=10267631, Title=Mock Wallpaper 21
  Index 22: Hash=58377623, Title=Mock Wallpaper 22
  Index 23: Hash=9915935, Title=Mock Wallpaper 23
  Index 24: Hash=65300541, Title=Mock Wallpaper 24
  Index 25: Hash=49150280, Title=Mock Wallpaper 25

--- PHASE: Scrolling (ScrollChanged) ---
Timestamp: 2026-05-30 14:26:26.577
Total items: 50
CanContentScroll: True
Scroll Offset: 3753.48
Realized containers count: 6
Containers details:
  Index 20: Hash=30967009, Title=Mock Wallpaper 20
  Index 21: Hash=10267631, Title=Mock Wallpaper 21
  Index 22: Hash=58377623, Title=Mock Wallpaper 22
  Index 23: Hash=9915935, Title=Mock Wallpaper 23
  Index 24: Hash=65300541, Title=Mock Wallpaper 24
  Index 25: Hash=49150280, Title=Mock Wallpaper 25

--- PHASE: Scrolling ---
Timestamp: 2026-05-30 14:26:26.579
Total items: 50
CanContentScroll: True
Scroll Offset: 3753.48
Realized containers count: 6
Containers details:
  Index 20: Hash=30967009, Title=Mock Wallpaper 20
  Index 21: Hash=10267631, Title=Mock Wallpaper 21
  Index 22: Hash=58377623, Title=Mock Wallpaper 22
  Index 23: Hash=9915935, Title=Mock Wallpaper 23
  Index 24: Hash=65300541, Title=Mock Wallpaper 24
  Index 25: Hash=49150280, Title=Mock Wallpaper 25

--- PHASE: Scrolling (ScrollChanged) ---
Timestamp: 2026-05-30 14:26:26.580
Total items: 50
CanContentScroll: True
Scroll Offset: 3754.21
Realized containers count: 6
Containers details:
  Index 20: Hash=30967009, Title=Mock Wallpaper 20
  Index 21: Hash=10267631, Title=Mock Wallpaper 21
  Index 22: Hash=58377623, Title=Mock Wallpaper 22
  Index 23: Hash=9915935, Title=Mock Wallpaper 23
  Index 24: Hash=65300541, Title=Mock Wallpaper 24
  Index 25: Hash=49150280, Title=Mock Wallpaper 25

--- PHASE: Scrolling (ScrollChanged) ---
Timestamp: 2026-05-30 14:26:26.582
Total items: 50
CanContentScroll: True
Scroll Offset: 3754.85
Realized containers count: 6
Containers details:
  Index 20: Hash=30967009, Title=Mock Wallpaper 20
  Index 21: Hash=10267631, Title=Mock Wallpaper 21
  Index 22: Hash=58377623, Title=Mock Wallpaper 22
  Index 23: Hash=9915935, Title=Mock Wallpaper 23
  Index 24: Hash=65300541, Title=Mock Wallpaper 24
  Index 25: Hash=49150280, Title=Mock Wallpaper 25

--- PHASE: Scrolling (ScrollChanged) ---
Timestamp: 2026-05-30 14:26:26.585
Total items: 50
CanContentScroll: True
Scroll Offset: 3755.42
Realized containers count: 6
Containers details:
  Index 20: Hash=30967009, Title=Mock Wallpaper 20
  Index 21: Hash=10267631, Title=Mock Wallpaper 21
  Index 22: Hash=58377623, Title=Mock Wallpaper 22
  Index 23: Hash=9915935, Title=Mock Wallpaper 23
  Index 24: Hash=65300541, Title=Mock Wallpaper 24
  Index 25: Hash=49150280, Title=Mock Wallpaper 25

--- PHASE: Scrolling (ScrollChanged) ---
Timestamp: 2026-05-30 14:26:26.587
Total items: 50
CanContentScroll: True
Scroll Offset: 3755.92
Realized containers count: 6
Containers details:
  Index 20: Hash=30967009, Title=Mock Wallpaper 20
  Index 21: Hash=10267631, Title=Mock Wallpaper 21
  Index 22: Hash=58377623, Title=Mock Wallpaper 22
  Index 23: Hash=9915935, Title=Mock Wallpaper 23
  Index 24: Hash=65300541, Title=Mock Wallpaper 24
  Index 25: Hash=49150280, Title=Mock Wallpaper 25

--- PHASE: Scrolling (ScrollChanged) ---
Timestamp: 2026-05-30 14:26:26.589
Total items: 50
CanContentScroll: True
Scroll Offset: 3756.36
Realized containers count: 6
Containers details:
  Index 20: Hash=30967009, Title=Mock Wallpaper 20
  Index 21: Hash=10267631, Title=Mock Wallpaper 21
  Index 22: Hash=58377623, Title=Mock Wallpaper 22
  Index 23: Hash=9915935, Title=Mock Wallpaper 23
  Index 24: Hash=65300541, Title=Mock Wallpaper 24
  Index 25: Hash=49150280, Title=Mock Wallpaper 25

--- PHASE: Settled (After Scroll) ---
Timestamp: 2026-05-30 14:26:26.591
Total items: 50
CanContentScroll: True
Scroll Offset: 3756.36
Realized containers count: 6
Containers details:
  Index 20: Hash=30967009, Title=Mock Wallpaper 20
  Index 21: Hash=10267631, Title=Mock Wallpaper 21
  Index 22: Hash=58377623, Title=Mock Wallpaper 22
  Index 23: Hash=9915935, Title=Mock Wallpaper 23
  Index 24: Hash=65300541, Title=Mock Wallpaper 24
  Index 25: Hash=49150280, Title=Mock Wallpaper 25

--- PHASE: Scrolling (ScrollChanged) ---
Timestamp: 2026-05-30 14:26:26.687
Total items: 50
CanContentScroll: True
Scroll Offset: 3845.46
Realized containers count: 6
Containers details:
  Index 20: Hash=30967009, Title=Mock Wallpaper 20
  Index 21: Hash=10267631, Title=Mock Wallpaper 21
  Index 22: Hash=58377623, Title=Mock Wallpaper 22
  Index 23: Hash=9915935, Title=Mock Wallpaper 23
  Index 24: Hash=65300541, Title=Mock Wallpaper 24
  Index 25: Hash=49150280, Title=Mock Wallpaper 25

--- PHASE: Scrolling (ScrollChanged) ---
Timestamp: 2026-05-30 14:26:26.700
Total items: 50
CanContentScroll: True
Scroll Offset: 3923.87
Realized containers count: 6
Containers details:
  Index 21: Hash=10267631, Title=Mock Wallpaper 21
  Index 22: Hash=58377623, Title=Mock Wallpaper 22
  Index 23: Hash=9915935, Title=Mock Wallpaper 23
  Index 24: Hash=65300541, Title=Mock Wallpaper 24
  Index 25: Hash=49150280, Title=Mock Wallpaper 25
  Index 26: Hash=55636561, Title=Mock Wallpaper 26

--- PHASE: Scrolling (ScrollChanged) ---
Timestamp: 2026-05-30 14:26:26.701
Total items: 50
CanContentScroll: True
Scroll Offset: 3992.87
Realized containers count: 6
Containers details:
  Index 21: Hash=10267631, Title=Mock Wallpaper 21
  Index 22: Hash=58377623, Title=Mock Wallpaper 22
  Index 23: Hash=9915935, Title=Mock Wallpaper 23
  Index 24: Hash=65300541, Title=Mock Wallpaper 24
  Index 25: Hash=49150280, Title=Mock Wallpaper 25
  Index 26: Hash=55636561, Title=Mock Wallpaper 26

--- PHASE: Scrolling (ScrollChanged) ---
Timestamp: 2026-05-30 14:26:26.715
Total items: 50
CanContentScroll: True
Scroll Offset: 4167.64
Realized containers count: 6
Containers details:
  Index 22: Hash=58377623, Title=Mock Wallpaper 22
  Index 23: Hash=9915935, Title=Mock Wallpaper 23
  Index 24: Hash=65300541, Title=Mock Wallpaper 24
  Index 25: Hash=49150280, Title=Mock Wallpaper 25
  Index 26: Hash=55636561, Title=Mock Wallpaper 26
  Index 27: Hash=30967009, Title=Mock Wallpaper 27

--- PHASE: Scrolling ---
Timestamp: 2026-05-30 14:26:26.723
Total items: 50
CanContentScroll: True
Scroll Offset: 4167.64
Realized containers count: 6
Containers details:
  Index 22: Hash=58377623, Title=Mock Wallpaper 22
  Index 23: Hash=9915935, Title=Mock Wallpaper 23
  Index 24: Hash=65300541, Title=Mock Wallpaper 24
  Index 25: Hash=49150280, Title=Mock Wallpaper 25
  Index 26: Hash=55636561, Title=Mock Wallpaper 26
  Index 27: Hash=30967009, Title=Mock Wallpaper 27

--- PHASE: Scrolling (ScrollChanged) ---
Timestamp: 2026-05-30 14:26:26.729
Total items: 50
CanContentScroll: True
Scroll Offset: 4400.23
Realized containers count: 5
Containers details:
  Index 24: Hash=65300541, Title=Mock Wallpaper 24
  Index 25: Hash=49150280, Title=Mock Wallpaper 25
  Index 26: Hash=55636561, Title=Mock Wallpaper 26
  Index 27: Hash=30967009, Title=Mock Wallpaper 27
  Index 28: Hash=10267631, Title=Mock Wallpaper 28

--- PHASE: Scrolling (ScrollChanged) ---
Timestamp: 2026-05-30 14:26:26.739
Total items: 50
CanContentScroll: True
Scroll Offset: 4652.44
Realized containers count: 6
Containers details:
  Index 25: Hash=49150280, Title=Mock Wallpaper 25
  Index 26: Hash=55636561, Title=Mock Wallpaper 26
  Index 27: Hash=30967009, Title=Mock Wallpaper 27
  Index 28: Hash=10267631, Title=Mock Wallpaper 28
  Index 29: Hash=58377623, Title=Mock Wallpaper 29
  Index 30: Hash=9915935, Title=Mock Wallpaper 30

--- PHASE: Scrolling (ScrollChanged) ---
Timestamp: 2026-05-30 14:26:26.749
Total items: 50
CanContentScroll: True
Scroll Offset: 4981.30
Realized containers count: 6
Containers details:
  Index 27: Hash=30967009, Title=Mock Wallpaper 27
  Index 28: Hash=10267631, Title=Mock Wallpaper 28
  Index 29: Hash=58377623, Title=Mock Wallpaper 29
  Index 30: Hash=9915935, Title=Mock Wallpaper 30
  Index 31: Hash=65300541, Title=Mock Wallpaper 31
  Index 32: Hash=49150280, Title=Mock Wallpaper 32

--- PHASE: Scrolling (ScrollChanged) ---
Timestamp: 2026-05-30 14:26:26.763
Total items: 50
CanContentScroll: True
Scroll Offset: 5390.69
Realized containers count: 6
Containers details:
  Index 29: Hash=58377623, Title=Mock Wallpaper 29
  Index 30: Hash=9915935, Title=Mock Wallpaper 30
  Index 31: Hash=65300541, Title=Mock Wallpaper 31
  Index 32: Hash=49150280, Title=Mock Wallpaper 32
  Index 33: Hash=55636561, Title=Mock Wallpaper 33
  Index 34: Hash=30967009, Title=Mock Wallpaper 34

--- PHASE: Scrolling (ScrollChanged) ---
Timestamp: 2026-05-30 14:26:26.779
Total items: 50
CanContentScroll: True
Scroll Offset: 5863.02
Realized containers count: 6
Containers details:
  Index 32: Hash=49150280, Title=Mock Wallpaper 32
  Index 33: Hash=55636561, Title=Mock Wallpaper 33
  Index 34: Hash=30967009, Title=Mock Wallpaper 34
  Index 35: Hash=10267631, Title=Mock Wallpaper 35
  Index 36: Hash=58377623, Title=Mock Wallpaper 36
  Index 37: Hash=9915935, Title=Mock Wallpaper 37

--- PHASE: Scrolling ---
Timestamp: 2026-05-30 14:26:26.801
Total items: 50
CanContentScroll: True
Scroll Offset: 5863.02
Realized containers count: 6
Containers details:
  Index 32: Hash=49150280, Title=Mock Wallpaper 32
  Index 33: Hash=55636561, Title=Mock Wallpaper 33
  Index 34: Hash=30967009, Title=Mock Wallpaper 34
  Index 35: Hash=10267631, Title=Mock Wallpaper 35
  Index 36: Hash=58377623, Title=Mock Wallpaper 36
  Index 37: Hash=9915935, Title=Mock Wallpaper 37

--- PHASE: Scrolling (ScrollChanged) ---
Timestamp: 2026-05-30 14:26:26.810
Total items: 50
CanContentScroll: True
Scroll Offset: 6439.84
Realized containers count: 5
Containers details:
  Index 36: Hash=58377623, Title=Mock Wallpaper 36
  Index 37: Hash=9915935, Title=Mock Wallpaper 37
  Index 38: Hash=65300541, Title=Mock Wallpaper 38
  Index 39: Hash=49150280, Title=Mock Wallpaper 39
  Index 40: Hash=55636561, Title=Mock Wallpaper 40

--- PHASE: Scrolling (ScrollChanged) ---
Timestamp: 2026-05-30 14:26:26.823
Total items: 50
CanContentScroll: True
Scroll Offset: 6947.44
Realized containers count: 5
Containers details:
  Index 39: Hash=49150280, Title=Mock Wallpaper 39
  Index 40: Hash=55636561, Title=Mock Wallpaper 40
  Index 41: Hash=30967009, Title=Mock Wallpaper 41
  Index 42: Hash=10267631, Title=Mock Wallpaper 42
  Index 43: Hash=58377623, Title=Mock Wallpaper 43

--- PHASE: Scrolling (ScrollChanged) ---
Timestamp: 2026-05-30 14:26:26.838
Total items: 50
CanContentScroll: True
Scroll Offset: 7394.13
Realized containers count: 6
Containers details:
  Index 41: Hash=30967009, Title=Mock Wallpaper 41
  Index 42: Hash=10267631, Title=Mock Wallpaper 42
  Index 43: Hash=58377623, Title=Mock Wallpaper 43
  Index 44: Hash=9915935, Title=Mock Wallpaper 44
  Index 45: Hash=65300541, Title=Mock Wallpaper 45
  Index 46: Hash=49150280, Title=Mock Wallpaper 46

--- PHASE: Scrolling (ScrollChanged) ---
Timestamp: 2026-05-30 14:26:26.845
Total items: 50
CanContentScroll: True
Scroll Offset: 7787.22
Realized containers count: 6
Containers details:
  Index 43: Hash=58377623, Title=Mock Wallpaper 43
  Index 44: Hash=9915935, Title=Mock Wallpaper 44
  Index 45: Hash=65300541, Title=Mock Wallpaper 45
  Index 46: Hash=49150280, Title=Mock Wallpaper 46
  Index 47: Hash=55636561, Title=Mock Wallpaper 47
  Index 48: Hash=30967009, Title=Mock Wallpaper 48

--- PHASE: Scrolling (ScrollChanged) ---
Timestamp: 2026-05-30 14:26:26.855
Total items: 50
CanContentScroll: True
Scroll Offset: 8066.00
Realized containers count: 5
Containers details:
  Index 45: Hash=65300541, Title=Mock Wallpaper 45
  Index 46: Hash=49150280, Title=Mock Wallpaper 46
  Index 47: Hash=55636561, Title=Mock Wallpaper 47
  Index 48: Hash=30967009, Title=Mock Wallpaper 48
  Index 49: Hash=10267631, Title=Mock Wallpaper 49

--- PHASE: Scrolling ---
Timestamp: 2026-05-30 14:26:26.856
Total items: 50
CanContentScroll: True
Scroll Offset: 8066.00
Realized containers count: 5
Containers details:
  Index 45: Hash=65300541, Title=Mock Wallpaper 45
  Index 46: Hash=49150280, Title=Mock Wallpaper 46
  Index 47: Hash=55636561, Title=Mock Wallpaper 47
  Index 48: Hash=30967009, Title=Mock Wallpaper 48
  Index 49: Hash=10267631, Title=Mock Wallpaper 49

--- PHASE: Scrolling ---
Timestamp: 2026-05-30 14:26:26.909
Total items: 50
CanContentScroll: True
Scroll Offset: 8066.00
Realized containers count: 5
Containers details:
  Index 45: Hash=65300541, Title=Mock Wallpaper 45
  Index 46: Hash=49150280, Title=Mock Wallpaper 46
  Index 47: Hash=55636561, Title=Mock Wallpaper 47
  Index 48: Hash=30967009, Title=Mock Wallpaper 48
  Index 49: Hash=10267631, Title=Mock Wallpaper 49

--- PHASE: Scrolling ---
Timestamp: 2026-05-30 14:26:26.985
Total items: 50
CanContentScroll: True
Scroll Offset: 8066.00
Realized containers count: 5
Containers details:
  Index 45: Hash=65300541, Title=Mock Wallpaper 45
  Index 46: Hash=49150280, Title=Mock Wallpaper 46
  Index 47: Hash=55636561, Title=Mock Wallpaper 47
  Index 48: Hash=30967009, Title=Mock Wallpaper 48
  Index 49: Hash=10267631, Title=Mock Wallpaper 49

--- PHASE: Scrolling ---
Timestamp: 2026-05-30 14:26:27.044
Total items: 50
CanContentScroll: True
Scroll Offset: 8066.00
Realized containers count: 5
Containers details:
  Index 45: Hash=65300541, Title=Mock Wallpaper 45
  Index 46: Hash=49150280, Title=Mock Wallpaper 46
  Index 47: Hash=55636561, Title=Mock Wallpaper 47
  Index 48: Hash=30967009, Title=Mock Wallpaper 48
  Index 49: Hash=10267631, Title=Mock Wallpaper 49

--- PHASE: Scrolling ---
Timestamp: 2026-05-30 14:26:27.109
Total items: 50
CanContentScroll: True
Scroll Offset: 8066.00
Realized containers count: 5
Containers details:
  Index 45: Hash=65300541, Title=Mock Wallpaper 45
  Index 46: Hash=49150280, Title=Mock Wallpaper 46
  Index 47: Hash=55636561, Title=Mock Wallpaper 47
  Index 48: Hash=30967009, Title=Mock Wallpaper 48
  Index 49: Hash=10267631, Title=Mock Wallpaper 49

--- PHASE: Scrolling ---
Timestamp: 2026-05-30 14:26:27.151
Total items: 50
CanContentScroll: True
Scroll Offset: 8066.00
Realized containers count: 5
Containers details:
  Index 45: Hash=65300541, Title=Mock Wallpaper 45
  Index 46: Hash=49150280, Title=Mock Wallpaper 46
  Index 47: Hash=55636561, Title=Mock Wallpaper 47
  Index 48: Hash=30967009, Title=Mock Wallpaper 48
  Index 49: Hash=10267631, Title=Mock Wallpaper 49

--- PHASE: Scrolling ---
Timestamp: 2026-05-30 14:26:27.231
Total items: 50
CanContentScroll: True
Scroll Offset: 8066.00
Realized containers count: 5
Containers details:
  Index 45: Hash=65300541, Title=Mock Wallpaper 45
  Index 46: Hash=49150280, Title=Mock Wallpaper 46
  Index 47: Hash=55636561, Title=Mock Wallpaper 47
  Index 48: Hash=30967009, Title=Mock Wallpaper 48
  Index 49: Hash=10267631, Title=Mock Wallpaper 49

--- PHASE: Scrolling ---
Timestamp: 2026-05-30 14:26:27.307
Total items: 50
CanContentScroll: True
Scroll Offset: 8066.00
Realized containers count: 5
Containers details:
  Index 45: Hash=65300541, Title=Mock Wallpaper 45
  Index 46: Hash=49150280, Title=Mock Wallpaper 46
  Index 47: Hash=55636561, Title=Mock Wallpaper 47
  Index 48: Hash=30967009, Title=Mock Wallpaper 48
  Index 49: Hash=10267631, Title=Mock Wallpaper 49

--- PHASE: Scrolling ---
Timestamp: 2026-05-30 14:26:27.419
Total items: 50
CanContentScroll: True
Scroll Offset: 8066.00
Realized containers count: 5
Containers details:
  Index 45: Hash=65300541, Title=Mock Wallpaper 45
  Index 46: Hash=49150280, Title=Mock Wallpaper 46
  Index 47: Hash=55636561, Title=Mock Wallpaper 47
  Index 48: Hash=30967009, Title=Mock Wallpaper 48
  Index 49: Hash=10267631, Title=Mock Wallpaper 49

--- PHASE: Scrolling (ScrollChanged) ---
Timestamp: 2026-05-30 14:26:27.499
Total items: 200
CanContentScroll: True
Scroll Offset: 9026.96
Realized containers count: 4
Containers details:
  Index 52: Hash=38622084, Title=Mock Wallpaper 52
  Index 53: Hash=12054440, Title=Mock Wallpaper 53
  Index 54: Hash=41381104, Title=Mock Wallpaper 54
  Index 55: Hash=36885620, Title=Mock Wallpaper 55

--- PHASE: F6: Static (Before Scroll) ---
Timestamp: 2026-05-30 14:26:27.502
Total items: 200
CanContentScroll: True
Scroll Offset: 9026.96
Realized containers count: 4
Containers details:
  Index 52: Hash=38622084, Title=Mock Wallpaper 52
  Index 53: Hash=12054440, Title=Mock Wallpaper 53
  Index 54: Hash=41381104, Title=Mock Wallpaper 54
  Index 55: Hash=36885620, Title=Mock Wallpaper 55

--- PHASE: Scrolling (ScrollChanged) ---
Timestamp: 2026-05-30 14:26:27.505
Total items: 200
CanContentScroll: True
Scroll Offset: 200.00
Realized containers count: 4
Containers details:
  Index 1: Hash=38622084, Title=Mock Wallpaper 1
  Index 2: Hash=12054440, Title=Mock Wallpaper 2
  Index 3: Hash=41381104, Title=Mock Wallpaper 3
  Index 4: Hash=36885620, Title=Mock Wallpaper 4

--- PHASE: Scrolling (ScrollChanged) ---
Timestamp: 2026-05-30 14:26:27.508
Total items: 200
CanContentScroll: True
Scroll Offset: 9872.61
Realized containers count: 4
Containers details:
  Index 57: Hash=38622084, Title=Mock Wallpaper 57
  Index 58: Hash=12054440, Title=Mock Wallpaper 58
  Index 59: Hash=41381104, Title=Mock Wallpaper 59
  Index 60: Hash=36885620, Title=Mock Wallpaper 60

--- PHASE: Scrolling ---
Timestamp: 2026-05-30 14:26:27.526
Total items: 200
CanContentScroll: True
Scroll Offset: 9872.61
Realized containers count: 4
Containers details:
  Index 57: Hash=38622084, Title=Mock Wallpaper 57
  Index 58: Hash=12054440, Title=Mock Wallpaper 58
  Index 59: Hash=41381104, Title=Mock Wallpaper 59
  Index 60: Hash=36885620, Title=Mock Wallpaper 60

--- PHASE: Scrolling (ScrollChanged) ---
Timestamp: 2026-05-30 14:26:27.533
Total items: 200
CanContentScroll: True
Scroll Offset: 10616.78
Realized containers count: 5
Containers details:
  Index 60: Hash=36885620, Title=Mock Wallpaper 60
  Index 61: Hash=38622084, Title=Mock Wallpaper 61
  Index 62: Hash=12054440, Title=Mock Wallpaper 62
  Index 63: Hash=41381104, Title=Mock Wallpaper 63
  Index 64: Hash=31497787, Title=Mock Wallpaper 64

--- PHASE: Scrolling (ScrollChanged) ---
Timestamp: 2026-05-30 14:26:27.540
Total items: 200
CanContentScroll: True
Scroll Offset: 11271.65
Realized containers count: 5
Containers details:
  Index 64: Hash=31497787, Title=Mock Wallpaper 64
  Index 65: Hash=36885620, Title=Mock Wallpaper 65
  Index 66: Hash=38622084, Title=Mock Wallpaper 66
  Index 67: Hash=12054440, Title=Mock Wallpaper 67
  Index 68: Hash=41381104, Title=Mock Wallpaper 68

--- PHASE: Scrolling (ScrollChanged) ---
Timestamp: 2026-05-30 14:26:27.546
Total items: 200
CanContentScroll: True
Scroll Offset: 11847.93
Realized containers count: 5
Containers details:
  Index 67: Hash=12054440, Title=Mock Wallpaper 67
  Index 68: Hash=41381104, Title=Mock Wallpaper 68
  Index 69: Hash=31497787, Title=Mock Wallpaper 69
  Index 70: Hash=36885620, Title=Mock Wallpaper 70
  Index 71: Hash=38622084, Title=Mock Wallpaper 71

--- PHASE: Scrolling (ScrollChanged) ---
Timestamp: 2026-05-30 14:26:27.552
Total items: 200
CanContentScroll: True
Scroll Offset: 12355.06
Realized containers count: 5
Containers details:
  Index 70: Hash=36885620, Title=Mock Wallpaper 70
  Index 71: Hash=38622084, Title=Mock Wallpaper 71
  Index 72: Hash=12054440, Title=Mock Wallpaper 72
  Index 73: Hash=41381104, Title=Mock Wallpaper 73
  Index 74: Hash=31497787, Title=Mock Wallpaper 74

--- PHASE: Scrolling (ScrollChanged) ---
Timestamp: 2026-05-30 14:26:27.562
Total items: 200
CanContentScroll: True
Scroll Offset: 12801.34
Realized containers count: 5
Containers details:
  Index 73: Hash=41381104, Title=Mock Wallpaper 73
  Index 74: Hash=31497787, Title=Mock Wallpaper 74
  Index 75: Hash=36885620, Title=Mock Wallpaper 75
  Index 76: Hash=38622084, Title=Mock Wallpaper 76
  Index 77: Hash=12054440, Title=Mock Wallpaper 77

--- PHASE: Scrolling ---
Timestamp: 2026-05-30 14:26:27.570
Total items: 200
CanContentScroll: True
Scroll Offset: 12801.34
Realized containers count: 6
Containers details:
  Index 73: Hash=41381104, Title=Mock Wallpaper 73
  Index 74: Hash=31497787, Title=Mock Wallpaper 74
  Index 75: Hash=36885620, Title=Mock Wallpaper 75
  Index 76: Hash=38622084, Title=Mock Wallpaper 76
  Index 77: Hash=12054440, Title=Mock Wallpaper 77
  Index 78: Hash=51134510, Title=Mock Wallpaper 78

--- PHASE: Scrolling (ScrollChanged) ---
Timestamp: 2026-05-30 14:26:27.576
Total items: 200
CanContentScroll: True
Scroll Offset: 13194.06
Realized containers count: 5
Containers details:
  Index 75: Hash=36885620, Title=Mock Wallpaper 75
  Index 76: Hash=38622084, Title=Mock Wallpaper 76
  Index 77: Hash=12054440, Title=Mock Wallpaper 77
  Index 78: Hash=51134510, Title=Mock Wallpaper 78
  Index 79: Hash=41381104, Title=Mock Wallpaper 79

--- PHASE: Scrolling (ScrollChanged) ---
Timestamp: 2026-05-30 14:26:27.584
Total items: 200
CanContentScroll: True
Scroll Offset: 13539.65
Realized containers count: 5
Containers details:
  Index 77: Hash=12054440, Title=Mock Wallpaper 77
  Index 78: Hash=51134510, Title=Mock Wallpaper 78
  Index 79: Hash=41381104, Title=Mock Wallpaper 79
  Index 80: Hash=31497787, Title=Mock Wallpaper 80
  Index 81: Hash=36885620, Title=Mock Wallpaper 81

--- PHASE: Scrolling (ScrollChanged) ---
Timestamp: 2026-05-30 14:26:27.593
Total items: 200
CanContentScroll: True
Scroll Offset: 13843.78
Realized containers count: 5
Containers details:
  Index 79: Hash=41381104, Title=Mock Wallpaper 79
  Index 80: Hash=31497787, Title=Mock Wallpaper 80
  Index 81: Hash=36885620, Title=Mock Wallpaper 81
  Index 82: Hash=38622084, Title=Mock Wallpaper 82
  Index 83: Hash=12054440, Title=Mock Wallpaper 83

--- PHASE: Scrolling (ScrollChanged) ---
Timestamp: 2026-05-30 14:26:27.597
Total items: 200
CanContentScroll: True
Scroll Offset: 14111.41
Realized containers count: 6
Containers details:
  Index 80: Hash=31497787, Title=Mock Wallpaper 80
  Index 81: Hash=36885620, Title=Mock Wallpaper 81
  Index 82: Hash=38622084, Title=Mock Wallpaper 82
  Index 83: Hash=12054440, Title=Mock Wallpaper 83
  Index 84: Hash=51134510, Title=Mock Wallpaper 84
  Index 85: Hash=41381104, Title=Mock Wallpaper 85

--- PHASE: Scrolling (ScrollChanged) ---
Timestamp: 2026-05-30 14:26:27.603
Total items: 200
CanContentScroll: True
Scroll Offset: 14346.92
Realized containers count: 6
Containers details:
  Index 81: Hash=36885620, Title=Mock Wallpaper 81
  Index 82: Hash=38622084, Title=Mock Wallpaper 82
  Index 83: Hash=12054440, Title=Mock Wallpaper 83
  Index 84: Hash=51134510, Title=Mock Wallpaper 84
  Index 85: Hash=41381104, Title=Mock Wallpaper 85
  Index 86: Hash=31497787, Title=Mock Wallpaper 86

--- PHASE: Scrolling ---
Timestamp: 2026-05-30 14:26:27.609
Total items: 200
CanContentScroll: True
Scroll Offset: 14346.92
Realized containers count: 7
Containers details:
  Index 81: Hash=36885620, Title=Mock Wallpaper 81
  Index 82: Hash=38622084, Title=Mock Wallpaper 82
  Index 83: Hash=12054440, Title=Mock Wallpaper 83
  Index 84: Hash=51134510, Title=Mock Wallpaper 84
  Index 85: Hash=41381104, Title=Mock Wallpaper 85
  Index 86: Hash=31497787, Title=Mock Wallpaper 86
  Index 87: Hash=6849756, Title=Mock Wallpaper 87

--- PHASE: Scrolling (ScrollChanged) ---
Timestamp: 2026-05-30 14:26:27.612
Total items: 200
CanContentScroll: True
Scroll Offset: 14554.17
Realized containers count: 5
Containers details:
  Index 83: Hash=12054440, Title=Mock Wallpaper 83
  Index 84: Hash=51134510, Title=Mock Wallpaper 84
  Index 85: Hash=41381104, Title=Mock Wallpaper 85
  Index 86: Hash=31497787, Title=Mock Wallpaper 86
  Index 87: Hash=6849756, Title=Mock Wallpaper 87

--- PHASE: Scrolling (ScrollChanged) ---
Timestamp: 2026-05-30 14:26:27.616
Total items: 200
CanContentScroll: True
Scroll Offset: 14736.55
Realized containers count: 5
Containers details:
  Index 84: Hash=51134510, Title=Mock Wallpaper 84
  Index 85: Hash=41381104, Title=Mock Wallpaper 85
  Index 86: Hash=31497787, Title=Mock Wallpaper 86
  Index 87: Hash=6849756, Title=Mock Wallpaper 87
  Index 88: Hash=36885620, Title=Mock Wallpaper 88

--- PHASE: Scrolling (ScrollChanged) ---
Timestamp: 2026-05-30 14:26:27.622
Total items: 200
CanContentScroll: True
Scroll Offset: 14897.05
Realized containers count: 6
Containers details:
  Index 84: Hash=51134510, Title=Mock Wallpaper 84
  Index 85: Hash=41381104, Title=Mock Wallpaper 85
  Index 86: Hash=31497787, Title=Mock Wallpaper 86
  Index 87: Hash=6849756, Title=Mock Wallpaper 87
  Index 88: Hash=36885620, Title=Mock Wallpaper 88
  Index 89: Hash=38622084, Title=Mock Wallpaper 89

--- PHASE: Scrolling (ScrollChanged) ---
Timestamp: 2026-05-30 14:26:27.627
Total items: 200
CanContentScroll: True
Scroll Offset: 15038.29
Realized containers count: 6
Containers details:
  Index 85: Hash=41381104, Title=Mock Wallpaper 85
  Index 86: Hash=31497787, Title=Mock Wallpaper 86
  Index 87: Hash=6849756, Title=Mock Wallpaper 87
  Index 88: Hash=36885620, Title=Mock Wallpaper 88
  Index 89: Hash=38622084, Title=Mock Wallpaper 89
  Index 90: Hash=12054440, Title=Mock Wallpaper 90

--- PHASE: Scrolling (ScrollChanged) ---
Timestamp: 2026-05-30 14:26:27.632
Total items: 200
CanContentScroll: True
Scroll Offset: 15162.57
Realized containers count: 6
Containers details:
  Index 86: Hash=31497787, Title=Mock Wallpaper 86
  Index 87: Hash=6849756, Title=Mock Wallpaper 87
  Index 88: Hash=36885620, Title=Mock Wallpaper 88
  Index 89: Hash=38622084, Title=Mock Wallpaper 89
  Index 90: Hash=12054440, Title=Mock Wallpaper 90
  Index 91: Hash=51134510, Title=Mock Wallpaper 91

--- PHASE: Scrolling ---
Timestamp: 2026-05-30 14:26:27.636
Total items: 200
CanContentScroll: True
Scroll Offset: 15162.57
Realized containers count: 6
Containers details:
  Index 86: Hash=31497787, Title=Mock Wallpaper 86
  Index 87: Hash=6849756, Title=Mock Wallpaper 87
  Index 88: Hash=36885620, Title=Mock Wallpaper 88
  Index 89: Hash=38622084, Title=Mock Wallpaper 89
  Index 90: Hash=12054440, Title=Mock Wallpaper 90
  Index 91: Hash=51134510, Title=Mock Wallpaper 91

--- PHASE: Scrolling (ScrollChanged) ---
Timestamp: 2026-05-30 14:26:27.638
Total items: 200
CanContentScroll: True
Scroll Offset: 15271.95
Realized containers count: 5
Containers details:
  Index 87: Hash=6849756, Title=Mock Wallpaper 87
  Index 88: Hash=36885620, Title=Mock Wallpaper 88
  Index 89: Hash=38622084, Title=Mock Wallpaper 89
  Index 90: Hash=12054440, Title=Mock Wallpaper 90
  Index 91: Hash=51134510, Title=Mock Wallpaper 91

--- PHASE: Scrolling (ScrollChanged) ---
Timestamp: 2026-05-30 14:26:27.643
Total items: 200
CanContentScroll: True
Scroll Offset: 15368.20
Realized containers count: 6
Containers details:
  Index 87: Hash=6849756, Title=Mock Wallpaper 87
  Index 88: Hash=36885620, Title=Mock Wallpaper 88
  Index 89: Hash=38622084, Title=Mock Wallpaper 89
  Index 90: Hash=12054440, Title=Mock Wallpaper 90
  Index 91: Hash=51134510, Title=Mock Wallpaper 91
  Index 92: Hash=41381104, Title=Mock Wallpaper 92

--- PHASE: Scrolling (ScrollChanged) ---
Timestamp: 2026-05-30 14:26:27.645
Total items: 200
CanContentScroll: True
Scroll Offset: 15452.89
Realized containers count: 5
Containers details:
  Index 88: Hash=36885620, Title=Mock Wallpaper 88
  Index 89: Hash=38622084, Title=Mock Wallpaper 89
  Index 90: Hash=12054440, Title=Mock Wallpaper 90
  Index 91: Hash=51134510, Title=Mock Wallpaper 91
  Index 92: Hash=41381104, Title=Mock Wallpaper 92

--- PHASE: Scrolling (ScrollChanged) ---
Timestamp: 2026-05-30 14:26:27.652
Total items: 200
CanContentScroll: True
Scroll Offset: 15527.43
Realized containers count: 6
Containers details:
  Index 88: Hash=36885620, Title=Mock Wallpaper 88
  Index 89: Hash=38622084, Title=Mock Wallpaper 89
  Index 90: Hash=12054440, Title=Mock Wallpaper 90
  Index 91: Hash=51134510, Title=Mock Wallpaper 91
  Index 92: Hash=41381104, Title=Mock Wallpaper 92
  Index 93: Hash=31497787, Title=Mock Wallpaper 93

--- PHASE: Scrolling (ScrollChanged) ---
Timestamp: 2026-05-30 14:26:27.658
Total items: 200
CanContentScroll: True
Scroll Offset: 15593.02
Realized containers count: 6
Containers details:
  Index 89: Hash=38622084, Title=Mock Wallpaper 89
  Index 90: Hash=12054440, Title=Mock Wallpaper 90
  Index 91: Hash=51134510, Title=Mock Wallpaper 91
  Index 92: Hash=41381104, Title=Mock Wallpaper 92
  Index 93: Hash=31497787, Title=Mock Wallpaper 93
  Index 94: Hash=6849756, Title=Mock Wallpaper 94

--- PHASE: Scrolling ---
Timestamp: 2026-05-30 14:26:27.659
Total items: 200
CanContentScroll: True
Scroll Offset: 15593.02
Realized containers count: 6
Containers details:
  Index 89: Hash=38622084, Title=Mock Wallpaper 89
  Index 90: Hash=12054440, Title=Mock Wallpaper 90
  Index 91: Hash=51134510, Title=Mock Wallpaper 91
  Index 92: Hash=41381104, Title=Mock Wallpaper 92
  Index 93: Hash=31497787, Title=Mock Wallpaper 93
  Index 94: Hash=6849756, Title=Mock Wallpaper 94

--- PHASE: Scrolling (ScrollChanged) ---
Timestamp: 2026-05-30 14:26:27.660
Total items: 200
CanContentScroll: True
Scroll Offset: 15650.74
Realized containers count: 6
Containers details:
  Index 89: Hash=38622084, Title=Mock Wallpaper 89
  Index 90: Hash=12054440, Title=Mock Wallpaper 90
  Index 91: Hash=51134510, Title=Mock Wallpaper 91
  Index 92: Hash=41381104, Title=Mock Wallpaper 92
  Index 93: Hash=31497787, Title=Mock Wallpaper 93
  Index 94: Hash=6849756, Title=Mock Wallpaper 94

--- PHASE: Scrolling (ScrollChanged) ---
Timestamp: 2026-05-30 14:26:27.666
Total items: 200
CanContentScroll: True
Scroll Offset: 15701.53
Realized containers count: 7
Containers details:
  Index 89: Hash=38622084, Title=Mock Wallpaper 89
  Index 90: Hash=12054440, Title=Mock Wallpaper 90
  Index 91: Hash=51134510, Title=Mock Wallpaper 91
  Index 92: Hash=41381104, Title=Mock Wallpaper 92
  Index 93: Hash=31497787, Title=Mock Wallpaper 93
  Index 94: Hash=6849756, Title=Mock Wallpaper 94
  Index 95: Hash=36885620, Title=Mock Wallpaper 95

--- PHASE: Scrolling (ScrollChanged) ---
Timestamp: 2026-05-30 14:26:27.671
Total items: 200
CanContentScroll: True
Scroll Offset: 15746.23
Realized containers count: 6
Containers details:
  Index 90: Hash=12054440, Title=Mock Wallpaper 90
  Index 91: Hash=51134510, Title=Mock Wallpaper 91
  Index 92: Hash=41381104, Title=Mock Wallpaper 92
  Index 93: Hash=31497787, Title=Mock Wallpaper 93
  Index 94: Hash=6849756, Title=Mock Wallpaper 94
  Index 95: Hash=36885620, Title=Mock Wallpaper 95

--- PHASE: Scrolling (ScrollChanged) ---
Timestamp: 2026-05-30 14:26:27.673
Total items: 200
CanContentScroll: True
Scroll Offset: 15785.57
Realized containers count: 6
Containers details:
  Index 90: Hash=12054440, Title=Mock Wallpaper 90
  Index 91: Hash=51134510, Title=Mock Wallpaper 91
  Index 92: Hash=41381104, Title=Mock Wallpaper 92
  Index 93: Hash=31497787, Title=Mock Wallpaper 93
  Index 94: Hash=6849756, Title=Mock Wallpaper 94
  Index 95: Hash=36885620, Title=Mock Wallpaper 95

--- PHASE: Scrolling (ScrollChanged) ---
Timestamp: 2026-05-30 14:26:27.686
Total items: 200
CanContentScroll: True
Scroll Offset: 15875.22
Realized containers count: 5
Containers details:
  Index 91: Hash=51134510, Title=Mock Wallpaper 91
  Index 92: Hash=41381104, Title=Mock Wallpaper 92
  Index 93: Hash=31497787, Title=Mock Wallpaper 93
  Index 94: Hash=6849756, Title=Mock Wallpaper 94
  Index 95: Hash=36885620, Title=Mock Wallpaper 95

--- PHASE: Scrolling ---
Timestamp: 2026-05-30 14:26:27.702
Total items: 200
CanContentScroll: True
Scroll Offset: 15875.22
Realized containers count: 5
Containers details:
  Index 91: Hash=51134510, Title=Mock Wallpaper 91
  Index 92: Hash=41381104, Title=Mock Wallpaper 92
  Index 93: Hash=31497787, Title=Mock Wallpaper 93
  Index 94: Hash=6849756, Title=Mock Wallpaper 94
  Index 95: Hash=36885620, Title=Mock Wallpaper 95

--- PHASE: Scrolling (ScrollChanged) ---
Timestamp: 2026-05-30 14:26:27.703
Total items: 200
CanContentScroll: True
Scroll Offset: 15972.34
Realized containers count: 5
Containers details:
  Index 91: Hash=51134510, Title=Mock Wallpaper 91
  Index 92: Hash=41381104, Title=Mock Wallpaper 92
  Index 93: Hash=31497787, Title=Mock Wallpaper 93
  Index 94: Hash=6849756, Title=Mock Wallpaper 94
  Index 95: Hash=36885620, Title=Mock Wallpaper 95

--- PHASE: Scrolling (ScrollChanged) ---
Timestamp: 2026-05-30 14:26:27.721
Total items: 200
CanContentScroll: True
Scroll Offset: 16058.99
Realized containers count: 5
Containers details:
  Index 92: Hash=41381104, Title=Mock Wallpaper 92
  Index 93: Hash=31497787, Title=Mock Wallpaper 93
  Index 94: Hash=6849756, Title=Mock Wallpaper 94
  Index 95: Hash=36885620, Title=Mock Wallpaper 95
  Index 96: Hash=38622084, Title=Mock Wallpaper 96

--- PHASE: Scrolling (ScrollChanged) ---
Timestamp: 2026-05-30 14:26:27.728
Total items: 200
CanContentScroll: True
Scroll Offset: 16135.24
Realized containers count: 5
Containers details:
  Index 92: Hash=41381104, Title=Mock Wallpaper 92
  Index 93: Hash=31497787, Title=Mock Wallpaper 93
  Index 94: Hash=6849756, Title=Mock Wallpaper 94
  Index 95: Hash=36885620, Title=Mock Wallpaper 95
  Index 96: Hash=38622084, Title=Mock Wallpaper 96

--- PHASE: Scrolling (ScrollChanged) ---
Timestamp: 2026-05-30 14:26:27.734
Total items: 200
CanContentScroll: True
Scroll Offset: 16202.34
Realized containers count: 6
Containers details:
  Index 92: Hash=41381104, Title=Mock Wallpaper 92
  Index 93: Hash=31497787, Title=Mock Wallpaper 93
  Index 94: Hash=6849756, Title=Mock Wallpaper 94
  Index 95: Hash=36885620, Title=Mock Wallpaper 95
  Index 96: Hash=38622084, Title=Mock Wallpaper 96
  Index 97: Hash=12054440, Title=Mock Wallpaper 97

--- PHASE: Scrolling (ScrollChanged) ---
Timestamp: 2026-05-30 14:26:27.743
Total items: 200
CanContentScroll: True
Scroll Offset: 16259.81
Realized containers count: 6
Containers details:
  Index 92: Hash=41381104, Title=Mock Wallpaper 92
  Index 93: Hash=31497787, Title=Mock Wallpaper 93
  Index 94: Hash=6849756, Title=Mock Wallpaper 94
  Index 95: Hash=36885620, Title=Mock Wallpaper 95
  Index 96: Hash=38622084, Title=Mock Wallpaper 96
  Index 97: Hash=12054440, Title=Mock Wallpaper 97

--- PHASE: Scrolling ---
Timestamp: 2026-05-30 14:26:27.750
Total items: 200
CanContentScroll: True
Scroll Offset: 16259.81
Realized containers count: 7
Containers details:
  Index 92: Hash=41381104, Title=Mock Wallpaper 92
  Index 93: Hash=31497787, Title=Mock Wallpaper 93
  Index 94: Hash=6849756, Title=Mock Wallpaper 94
  Index 95: Hash=36885620, Title=Mock Wallpaper 95
  Index 96: Hash=38622084, Title=Mock Wallpaper 96
  Index 97: Hash=12054440, Title=Mock Wallpaper 97
  Index 98: Hash=51134510, Title=Mock Wallpaper 98

--- PHASE: Scrolling (ScrollChanged) ---
Timestamp: 2026-05-30 14:26:27.753
Total items: 200
CanContentScroll: True
Scroll Offset: 16310.38
Realized containers count: 6
Containers details:
  Index 93: Hash=31497787, Title=Mock Wallpaper 93
  Index 94: Hash=6849756, Title=Mock Wallpaper 94
  Index 95: Hash=36885620, Title=Mock Wallpaper 95
  Index 96: Hash=38622084, Title=Mock Wallpaper 96
  Index 97: Hash=12054440, Title=Mock Wallpaper 97
  Index 98: Hash=51134510, Title=Mock Wallpaper 98

--- PHASE: Scrolling (ScrollChanged) ---
Timestamp: 2026-05-30 14:26:27.756
Total items: 200
CanContentScroll: True
Scroll Offset: 16354.88
Realized containers count: 6
Containers details:
  Index 93: Hash=31497787, Title=Mock Wallpaper 93
  Index 94: Hash=6849756, Title=Mock Wallpaper 94
  Index 95: Hash=36885620, Title=Mock Wallpaper 95
  Index 96: Hash=38622084, Title=Mock Wallpaper 96
  Index 97: Hash=12054440, Title=Mock Wallpaper 97
  Index 98: Hash=51134510, Title=Mock Wallpaper 98

--- PHASE: Scrolling (ScrollChanged) ---
Timestamp: 2026-05-30 14:26:27.770
Total items: 200
CanContentScroll: True
Scroll Offset: 16359.19
Realized containers count: 6
Containers details:
  Index 93: Hash=31497787, Title=Mock Wallpaper 93
  Index 94: Hash=6849756, Title=Mock Wallpaper 94
  Index 95: Hash=36885620, Title=Mock Wallpaper 95
  Index 96: Hash=38622084, Title=Mock Wallpaper 96
  Index 97: Hash=12054440, Title=Mock Wallpaper 97
  Index 98: Hash=51134510, Title=Mock Wallpaper 98

--- PHASE: Scrolling (ScrollChanged) ---
Timestamp: 2026-05-30 14:26:27.783
Total items: 200
CanContentScroll: True
Scroll Offset: 16316.65
Realized containers count: 6
Containers details:
  Index 93: Hash=31497787, Title=Mock Wallpaper 93
  Index 94: Hash=6849756, Title=Mock Wallpaper 94
  Index 95: Hash=36885620, Title=Mock Wallpaper 95
  Index 96: Hash=38622084, Title=Mock Wallpaper 96
  Index 97: Hash=12054440, Title=Mock Wallpaper 97
  Index 98: Hash=51134510, Title=Mock Wallpaper 98

--- PHASE: Scrolling (ScrollChanged) ---
Timestamp: 2026-05-30 14:26:27.796
Total items: 200
CanContentScroll: True
Scroll Offset: 16196.85
Realized containers count: 6
Containers details:
  Index 93: Hash=31497787, Title=Mock Wallpaper 93
  Index 94: Hash=6849756, Title=Mock Wallpaper 94
  Index 95: Hash=36885620, Title=Mock Wallpaper 95
  Index 96: Hash=38622084, Title=Mock Wallpaper 96
  Index 97: Hash=12054440, Title=Mock Wallpaper 97
  Index 98: Hash=51134510, Title=Mock Wallpaper 98

--- PHASE: Scrolling (ScrollChanged) ---
Timestamp: 2026-05-30 14:26:27.809
Total items: 200
CanContentScroll: True
Scroll Offset: 400.00
Realized containers count: 4
Containers details:
  Index 2: Hash=41381104, Title=Mock Wallpaper 2
  Index 3: Hash=31497787, Title=Mock Wallpaper 3
  Index 4: Hash=6849756, Title=Mock Wallpaper 4
  Index 5: Hash=36885620, Title=Mock Wallpaper 5

--- PHASE: Scrolling ---
Timestamp: 2026-05-30 14:26:27.810
Total items: 200
CanContentScroll: True
Scroll Offset: 400.00
Realized containers count: 4
Containers details:
  Index 2: Hash=41381104, Title=Mock Wallpaper 2
  Index 3: Hash=31497787, Title=Mock Wallpaper 3
  Index 4: Hash=6849756, Title=Mock Wallpaper 4
  Index 5: Hash=36885620, Title=Mock Wallpaper 5

--- PHASE: Scrolling (ScrollChanged) ---
Timestamp: 2026-05-30 14:26:27.822
Total items: 200
CanContentScroll: True
Scroll Offset: 16045.49
Realized containers count: 4
Containers details:
  Index 93: Hash=38622084, Title=Mock Wallpaper 93
  Index 94: Hash=12054440, Title=Mock Wallpaper 94
  Index 95: Hash=51134510, Title=Mock Wallpaper 95
  Index 96: Hash=41381104, Title=Mock Wallpaper 96

--- PHASE: Scrolling (ScrollChanged) ---
Timestamp: 2026-05-30 14:26:27.827
Total items: 200
CanContentScroll: True
Scroll Offset: 15912.30
Realized containers count: 5
Containers details:
  Index 92: Hash=31497787, Title=Mock Wallpaper 92
  Index 93: Hash=38622084, Title=Mock Wallpaper 93
  Index 94: Hash=12054440, Title=Mock Wallpaper 94
  Index 95: Hash=51134510, Title=Mock Wallpaper 95
  Index 96: Hash=41381104, Title=Mock Wallpaper 96

--- PHASE: Scrolling (ScrollChanged) ---
Timestamp: 2026-05-30 14:26:27.847
Total items: 200
CanContentScroll: True
Scroll Offset: 15649.75
Realized containers count: 6
Containers details:
  Index 90: Hash=6849756, Title=Mock Wallpaper 90
  Index 91: Hash=36885620, Title=Mock Wallpaper 91
  Index 92: Hash=31497787, Title=Mock Wallpaper 92
  Index 93: Hash=38622084, Title=Mock Wallpaper 93
  Index 94: Hash=12054440, Title=Mock Wallpaper 94
  Index 95: Hash=51134510, Title=Mock Wallpaper 95

--- PHASE: Scrolling (ScrollChanged) ---
Timestamp: 2026-05-30 14:26:27.857
Total items: 200
CanContentScroll: True
Scroll Offset: 15308.23
Realized containers count: 7
Containers details:
  Index 89: Hash=41381104, Title=Mock Wallpaper 89
  Index 90: Hash=6849756, Title=Mock Wallpaper 90
  Index 91: Hash=36885620, Title=Mock Wallpaper 91
  Index 92: Hash=31497787, Title=Mock Wallpaper 92
  Index 93: Hash=38622084, Title=Mock Wallpaper 93
  Index 94: Hash=12054440, Title=Mock Wallpaper 94
  Index 95: Hash=51134510, Title=Mock Wallpaper 95

--- PHASE: Scrolling (ScrollChanged) ---
Timestamp: 2026-05-30 14:26:27.870
Total items: 200
CanContentScroll: True
Scroll Offset: 14957.39
Realized containers count: 8
Containers details:
  Index 86: Hash=12054440, Title=Mock Wallpaper 86
  Index 87: Hash=51134510, Title=Mock Wallpaper 87
  Index 88: Hash=50695543, Title=Mock Wallpaper 88
  Index 89: Hash=41381104, Title=Mock Wallpaper 89
  Index 90: Hash=6849756, Title=Mock Wallpaper 90
  Index 91: Hash=36885620, Title=Mock Wallpaper 91
  Index 92: Hash=31497787, Title=Mock Wallpaper 92
  Index 93: Hash=38622084, Title=Mock Wallpaper 93

--- PHASE: Scrolling ---
Timestamp: 2026-05-30 14:26:27.882
Total items: 200
CanContentScroll: True
Scroll Offset: 14957.39
Realized containers count: 8
Containers details:
  Index 86: Hash=12054440, Title=Mock Wallpaper 86
  Index 87: Hash=51134510, Title=Mock Wallpaper 87
  Index 88: Hash=50695543, Title=Mock Wallpaper 88
  Index 89: Hash=41381104, Title=Mock Wallpaper 89
  Index 90: Hash=6849756, Title=Mock Wallpaper 90
  Index 91: Hash=36885620, Title=Mock Wallpaper 91
  Index 92: Hash=31497787, Title=Mock Wallpaper 92
  Index 93: Hash=38622084, Title=Mock Wallpaper 93

--- PHASE: Scrolling (ScrollChanged) ---
Timestamp: 2026-05-30 14:26:27.886
Total items: 200
CanContentScroll: True
Scroll Offset: 14504.91
Realized containers count: 7
Containers details:
  Index 84: Hash=36885620, Title=Mock Wallpaper 84
  Index 85: Hash=31497787, Title=Mock Wallpaper 85
  Index 86: Hash=12054440, Title=Mock Wallpaper 86
  Index 87: Hash=51134510, Title=Mock Wallpaper 87
  Index 88: Hash=50695543, Title=Mock Wallpaper 88
  Index 89: Hash=41381104, Title=Mock Wallpaper 89
  Index 90: Hash=6849756, Title=Mock Wallpaper 90

--- PHASE: Scrolling (ScrollChanged) ---
Timestamp: 2026-05-30 14:26:27.901
Total items: 200
CanContentScroll: True
Scroll Offset: 14020.80
Realized containers count: 7
Containers details:
  Index 81: Hash=38622084, Title=Mock Wallpaper 81
  Index 82: Hash=50695543, Title=Mock Wallpaper 82
  Index 83: Hash=41381104, Title=Mock Wallpaper 83
  Index 84: Hash=36885620, Title=Mock Wallpaper 84
  Index 85: Hash=31497787, Title=Mock Wallpaper 85
  Index 86: Hash=12054440, Title=Mock Wallpaper 86
  Index 87: Hash=51134510, Title=Mock Wallpaper 87

--- PHASE: Scrolling (ScrollChanged) ---
Timestamp: 2026-05-30 14:26:27.913
Total items: 200
CanContentScroll: True
Scroll Offset: 13539.73
Realized containers count: 8
Containers details:
  Index 78: Hash=6849756, Title=Mock Wallpaper 78
  Index 79: Hash=12054440, Title=Mock Wallpaper 79
  Index 80: Hash=51134510, Title=Mock Wallpaper 80
  Index 81: Hash=38622084, Title=Mock Wallpaper 81
  Index 82: Hash=50695543, Title=Mock Wallpaper 82
  Index 83: Hash=41381104, Title=Mock Wallpaper 83
  Index 84: Hash=36885620, Title=Mock Wallpaper 84
  Index 85: Hash=31497787, Title=Mock Wallpaper 85

--- PHASE: Scrolling (ScrollChanged) ---
Timestamp: 2026-05-30 14:26:27.926
Total items: 200
CanContentScroll: True
Scroll Offset: 13086.69
Realized containers count: 7
Containers details:
  Index 76: Hash=41381104, Title=Mock Wallpaper 76
  Index 77: Hash=36885620, Title=Mock Wallpaper 77
  Index 78: Hash=6849756, Title=Mock Wallpaper 78
  Index 79: Hash=12054440, Title=Mock Wallpaper 79
  Index 80: Hash=51134510, Title=Mock Wallpaper 80
  Index 81: Hash=38622084, Title=Mock Wallpaper 81
  Index 82: Hash=50695543, Title=Mock Wallpaper 82

--- PHASE: Scrolling (ScrollChanged) ---
Timestamp: 2026-05-30 14:26:27.932
Total items: 200
CanContentScroll: True
Scroll Offset: 12688.02
Realized containers count: 8
Containers details:
  Index 73: Hash=31497787, Title=Mock Wallpaper 73
  Index 74: Hash=38622084, Title=Mock Wallpaper 74
  Index 75: Hash=50695543, Title=Mock Wallpaper 75
  Index 76: Hash=41381104, Title=Mock Wallpaper 76
  Index 77: Hash=36885620, Title=Mock Wallpaper 77
  Index 78: Hash=6849756, Title=Mock Wallpaper 78
  Index 79: Hash=12054440, Title=Mock Wallpaper 79
  Index 80: Hash=51134510, Title=Mock Wallpaper 80

--- PHASE: Scrolling ---
Timestamp: 2026-05-30 14:26:27.934
Total items: 200
CanContentScroll: True
Scroll Offset: 12688.02
Realized containers count: 8
Containers details:
  Index 73: Hash=31497787, Title=Mock Wallpaper 73
  Index 74: Hash=38622084, Title=Mock Wallpaper 74
  Index 75: Hash=50695543, Title=Mock Wallpaper 75
  Index 76: Hash=41381104, Title=Mock Wallpaper 76
  Index 77: Hash=36885620, Title=Mock Wallpaper 77
  Index 78: Hash=6849756, Title=Mock Wallpaper 78
  Index 79: Hash=12054440, Title=Mock Wallpaper 79
  Index 80: Hash=51134510, Title=Mock Wallpaper 80

--- PHASE: Scrolling (ScrollChanged) ---
Timestamp: 2026-05-30 14:26:27.936
Total items: 200
CanContentScroll: True
Scroll Offset: 12337.19
Realized containers count: 8
Containers details:
  Index 71: Hash=12054440, Title=Mock Wallpaper 71
  Index 72: Hash=51134510, Title=Mock Wallpaper 72
  Index 73: Hash=31497787, Title=Mock Wallpaper 73
  Index 74: Hash=38622084, Title=Mock Wallpaper 74
  Index 75: Hash=50695543, Title=Mock Wallpaper 75
  Index 76: Hash=41381104, Title=Mock Wallpaper 76
  Index 77: Hash=36885620, Title=Mock Wallpaper 77
  Index 78: Hash=6849756, Title=Mock Wallpaper 78

--- PHASE: Scrolling (ScrollChanged) ---
Timestamp: 2026-05-30 14:26:27.947
Total items: 200
CanContentScroll: True
Scroll Offset: 12028.46
Realized containers count: 5
Containers details:
  Index 69: Hash=38622084, Title=Mock Wallpaper 69
  Index 70: Hash=35307962, Title=Mock Wallpaper 70
  Index 71: Hash=12054440, Title=Mock Wallpaper 71
  Index 72: Hash=51134510, Title=Mock Wallpaper 72
  Index 73: Hash=31497787, Title=Mock Wallpaper 73

--- PHASE: Scrolling (ScrollChanged) ---
Timestamp: 2026-05-30 14:26:27.950
Total items: 200
CanContentScroll: True
Scroll Offset: 11756.77
Realized containers count: 6
Containers details:
  Index 68: Hash=50695543, Title=Mock Wallpaper 68
  Index 69: Hash=38622084, Title=Mock Wallpaper 69
  Index 70: Hash=35307962, Title=Mock Wallpaper 70
  Index 71: Hash=12054440, Title=Mock Wallpaper 71
  Index 72: Hash=51134510, Title=Mock Wallpaper 72
  Index 73: Hash=31497787, Title=Mock Wallpaper 73

--- PHASE: Scrolling (ScrollChanged) ---
Timestamp: 2026-05-30 14:26:27.958
Total items: 200
CanContentScroll: True
Scroll Offset: 11517.69
Realized containers count: 8
Containers details:
  Index 66: Hash=41381104, Title=Mock Wallpaper 66
  Index 67: Hash=36885620, Title=Mock Wallpaper 67
  Index 68: Hash=50695543, Title=Mock Wallpaper 68
  Index 69: Hash=38622084, Title=Mock Wallpaper 69
  Index 70: Hash=35307962, Title=Mock Wallpaper 70
  Index 71: Hash=12054440, Title=Mock Wallpaper 71
  Index 72: Hash=51134510, Title=Mock Wallpaper 72
  Index 73: Hash=31497787, Title=Mock Wallpaper 73

--- PHASE: Scrolling (ScrollChanged) ---
Timestamp: 2026-05-30 14:26:27.976
Total items: 200
CanContentScroll: True
Scroll Offset: 11307.30
Realized containers count: 8
Containers details:
  Index 65: Hash=6849756, Title=Mock Wallpaper 65
  Index 66: Hash=41381104, Title=Mock Wallpaper 66
  Index 67: Hash=36885620, Title=Mock Wallpaper 67
  Index 68: Hash=50695543, Title=Mock Wallpaper 68
  Index 69: Hash=38622084, Title=Mock Wallpaper 69
  Index 70: Hash=35307962, Title=Mock Wallpaper 70
  Index 71: Hash=12054440, Title=Mock Wallpaper 71
  Index 72: Hash=51134510, Title=Mock Wallpaper 72

--- PHASE: Scrolling ---
Timestamp: 2026-05-30 14:26:27.979
Total items: 200
CanContentScroll: True
Scroll Offset: 11307.30
Realized containers count: 8
Containers details:
  Index 65: Hash=6849756, Title=Mock Wallpaper 65
  Index 66: Hash=41381104, Title=Mock Wallpaper 66
  Index 67: Hash=36885620, Title=Mock Wallpaper 67
  Index 68: Hash=50695543, Title=Mock Wallpaper 68
  Index 69: Hash=38622084, Title=Mock Wallpaper 69
  Index 70: Hash=35307962, Title=Mock Wallpaper 70
  Index 71: Hash=12054440, Title=Mock Wallpaper 71
  Index 72: Hash=51134510, Title=Mock Wallpaper 72

--- PHASE: Scrolling (ScrollChanged) ---
Timestamp: 2026-05-30 14:26:27.985
Total items: 200
CanContentScroll: True
Scroll Offset: 11122.15
Realized containers count: 7
Containers details:
  Index 64: Hash=31497787, Title=Mock Wallpaper 64
  Index 65: Hash=6849756, Title=Mock Wallpaper 65
  Index 66: Hash=41381104, Title=Mock Wallpaper 66
  Index 67: Hash=36885620, Title=Mock Wallpaper 67
  Index 68: Hash=50695543, Title=Mock Wallpaper 68
  Index 69: Hash=38622084, Title=Mock Wallpaper 69
  Index 70: Hash=35307962, Title=Mock Wallpaper 70

--- PHASE: Scrolling (ScrollChanged) ---
Timestamp: 2026-05-30 14:26:27.989
Total items: 200
CanContentScroll: True
Scroll Offset: 10959.22
Realized containers count: 7
Containers details:
  Index 63: Hash=12054440, Title=Mock Wallpaper 63
  Index 64: Hash=31497787, Title=Mock Wallpaper 64
  Index 65: Hash=6849756, Title=Mock Wallpaper 65
  Index 66: Hash=41381104, Title=Mock Wallpaper 66
  Index 67: Hash=36885620, Title=Mock Wallpaper 67
  Index 68: Hash=50695543, Title=Mock Wallpaper 68
  Index 69: Hash=38622084, Title=Mock Wallpaper 69

--- PHASE: Scrolling (ScrollChanged) ---
Timestamp: 2026-05-30 14:26:27.996
Total items: 200
CanContentScroll: True
Scroll Offset: 10815.85
Realized containers count: 5
Containers details:
  Index 62: Hash=51134510, Title=Mock Wallpaper 62
  Index 63: Hash=12054440, Title=Mock Wallpaper 63
  Index 64: Hash=31497787, Title=Mock Wallpaper 64
  Index 65: Hash=6849756, Title=Mock Wallpaper 65
  Index 66: Hash=41381104, Title=Mock Wallpaper 66

--- PHASE: Scrolling (ScrollChanged) ---
Timestamp: 2026-05-30 14:26:27.998
Total items: 200
CanContentScroll: True
Scroll Offset: 10689.68
Realized containers count: 5
Containers details:
  Index 62: Hash=51134510, Title=Mock Wallpaper 62
  Index 63: Hash=12054440, Title=Mock Wallpaper 63
  Index 64: Hash=31497787, Title=Mock Wallpaper 64
  Index 65: Hash=6849756, Title=Mock Wallpaper 65
  Index 66: Hash=41381104, Title=Mock Wallpaper 66

--- PHASE: Scrolling (ScrollChanged) ---
Timestamp: 2026-05-30 14:26:28.003
Total items: 200
CanContentScroll: True
Scroll Offset: 10578.65
Realized containers count: 5
Containers details:
  Index 61: Hash=35307962, Title=Mock Wallpaper 61
  Index 62: Hash=51134510, Title=Mock Wallpaper 62
  Index 63: Hash=12054440, Title=Mock Wallpaper 63
  Index 64: Hash=31497787, Title=Mock Wallpaper 64
  Index 65: Hash=6849756, Title=Mock Wallpaper 65

--- PHASE: Scrolling ---
Timestamp: 2026-05-30 14:26:28.006
Total items: 200
CanContentScroll: True
Scroll Offset: 10578.65
Realized containers count: 6
Containers details:
  Index 60: Hash=36885620, Title=Mock Wallpaper 60
  Index 61: Hash=35307962, Title=Mock Wallpaper 61
  Index 62: Hash=51134510, Title=Mock Wallpaper 62
  Index 63: Hash=12054440, Title=Mock Wallpaper 63
  Index 64: Hash=31497787, Title=Mock Wallpaper 64
  Index 65: Hash=6849756, Title=Mock Wallpaper 65

--- PHASE: Scrolling (ScrollChanged) ---
Timestamp: 2026-05-30 14:26:28.008
Total items: 200
CanContentScroll: True
Scroll Offset: 10480.94
Realized containers count: 5
Containers details:
  Index 60: Hash=36885620, Title=Mock Wallpaper 60
  Index 61: Hash=35307962, Title=Mock Wallpaper 61
  Index 62: Hash=51134510, Title=Mock Wallpaper 62
  Index 63: Hash=12054440, Title=Mock Wallpaper 63
  Index 64: Hash=31497787, Title=Mock Wallpaper 64

--- PHASE: Scrolling (ScrollChanged) ---
Timestamp: 2026-05-30 14:26:28.010
Total items: 200
CanContentScroll: True
Scroll Offset: 10394.96
Realized containers count: 5
Containers details:
  Index 60: Hash=36885620, Title=Mock Wallpaper 60
  Index 61: Hash=35307962, Title=Mock Wallpaper 61
  Index 62: Hash=51134510, Title=Mock Wallpaper 62
  Index 63: Hash=12054440, Title=Mock Wallpaper 63
  Index 64: Hash=31497787, Title=Mock Wallpaper 64

--- PHASE: Scrolling (ScrollChanged) ---
Timestamp: 2026-05-30 14:26:28.015
Total items: 200
CanContentScroll: True
Scroll Offset: 10319.29
Realized containers count: 5
Containers details:
  Index 59: Hash=50695543, Title=Mock Wallpaper 59
  Index 60: Hash=36885620, Title=Mock Wallpaper 60
  Index 61: Hash=35307962, Title=Mock Wallpaper 61
  Index 62: Hash=51134510, Title=Mock Wallpaper 62
  Index 63: Hash=12054440, Title=Mock Wallpaper 63

--- PHASE: Scrolling (ScrollChanged) ---
Timestamp: 2026-05-30 14:26:28.021
Total items: 200
CanContentScroll: True
Scroll Offset: 10252.71
Realized containers count: 6
Containers details:
  Index 58: Hash=38622084, Title=Mock Wallpaper 58
  Index 59: Hash=50695543, Title=Mock Wallpaper 59
  Index 60: Hash=36885620, Title=Mock Wallpaper 60
  Index 61: Hash=35307962, Title=Mock Wallpaper 61
  Index 62: Hash=51134510, Title=Mock Wallpaper 62
  Index 63: Hash=12054440, Title=Mock Wallpaper 63

--- PHASE: Scrolling (ScrollChanged) ---
Timestamp: 2026-05-30 14:26:28.025
Total items: 200
CanContentScroll: True
Scroll Offset: 10194.11
Realized containers count: 5
Containers details:
  Index 58: Hash=38622084, Title=Mock Wallpaper 58
  Index 59: Hash=50695543, Title=Mock Wallpaper 59
  Index 60: Hash=36885620, Title=Mock Wallpaper 60
  Index 61: Hash=35307962, Title=Mock Wallpaper 61
  Index 62: Hash=51134510, Title=Mock Wallpaper 62

--- PHASE: Scrolling ---
Timestamp: 2026-05-30 14:26:28.029
Total items: 200
CanContentScroll: True
Scroll Offset: 10194.11
Realized containers count: 6
Containers details:
  Index 58: Hash=38622084, Title=Mock Wallpaper 58
  Index 59: Hash=50695543, Title=Mock Wallpaper 59
  Index 60: Hash=36885620, Title=Mock Wallpaper 60
  Index 61: Hash=35307962, Title=Mock Wallpaper 61
  Index 62: Hash=51134510, Title=Mock Wallpaper 62
  Index 63: Hash=6849756, Title=Mock Wallpaper 63

--- PHASE: Scrolling (ScrollChanged) ---
Timestamp: 2026-05-30 14:26:28.031
Total items: 200
CanContentScroll: True
Scroll Offset: 10142.55
Realized containers count: 5
Containers details:
  Index 58: Hash=38622084, Title=Mock Wallpaper 58
  Index 59: Hash=50695543, Title=Mock Wallpaper 59
  Index 60: Hash=36885620, Title=Mock Wallpaper 60
  Index 61: Hash=35307962, Title=Mock Wallpaper 61
  Index 62: Hash=51134510, Title=Mock Wallpaper 62

--- PHASE: Scrolling (ScrollChanged) ---
Timestamp: 2026-05-30 14:26:28.032
Total items: 200
CanContentScroll: True
Scroll Offset: 10097.17
Realized containers count: 5
Containers details:
  Index 58: Hash=38622084, Title=Mock Wallpaper 58
  Index 59: Hash=50695543, Title=Mock Wallpaper 59
  Index 60: Hash=36885620, Title=Mock Wallpaper 60
  Index 61: Hash=35307962, Title=Mock Wallpaper 61
  Index 62: Hash=51134510, Title=Mock Wallpaper 62

--- PHASE: Scrolling (ScrollChanged) ---
Timestamp: 2026-05-30 14:26:28.037
Total items: 200
CanContentScroll: True
Scroll Offset: 10057.24
Realized containers count: 5
Containers details:
  Index 57: Hash=31497787, Title=Mock Wallpaper 57
  Index 58: Hash=38622084, Title=Mock Wallpaper 58
  Index 59: Hash=50695543, Title=Mock Wallpaper 59
  Index 60: Hash=36885620, Title=Mock Wallpaper 60
  Index 61: Hash=35307962, Title=Mock Wallpaper 61

--- PHASE: Scrolling (ScrollChanged) ---
Timestamp: 2026-05-30 14:26:28.043
Total items: 200
CanContentScroll: True
Scroll Offset: 10022.10
Realized containers count: 5
Containers details:
  Index 57: Hash=31497787, Title=Mock Wallpaper 57
  Index 58: Hash=38622084, Title=Mock Wallpaper 58
  Index 59: Hash=50695543, Title=Mock Wallpaper 59
  Index 60: Hash=36885620, Title=Mock Wallpaper 60
  Index 61: Hash=35307962, Title=Mock Wallpaper 61

--- PHASE: Scrolling (ScrollChanged) ---
Timestamp: 2026-05-30 14:26:28.045
Total items: 200
CanContentScroll: True
Scroll Offset: 9991.18
Realized containers count: 5
Containers details:
  Index 57: Hash=31497787, Title=Mock Wallpaper 57
  Index 58: Hash=38622084, Title=Mock Wallpaper 58
  Index 59: Hash=50695543, Title=Mock Wallpaper 59
  Index 60: Hash=36885620, Title=Mock Wallpaper 60
  Index 61: Hash=35307962, Title=Mock Wallpaper 61

--- PHASE: Scrolling ---
Timestamp: 2026-05-30 14:26:28.048
Total items: 200
CanContentScroll: True
Scroll Offset: 9991.18
Realized containers count: 6
Containers details:
  Index 57: Hash=31497787, Title=Mock Wallpaper 57
  Index 58: Hash=38622084, Title=Mock Wallpaper 58
  Index 59: Hash=50695543, Title=Mock Wallpaper 59
  Index 60: Hash=36885620, Title=Mock Wallpaper 60
  Index 61: Hash=35307962, Title=Mock Wallpaper 61
  Index 62: Hash=12054440, Title=Mock Wallpaper 62

--- PHASE: Scrolling (ScrollChanged) ---
Timestamp: 2026-05-30 14:26:28.050
Total items: 200
CanContentScroll: True
Scroll Offset: 9963.97
Realized containers count: 5
Containers details:
  Index 57: Hash=31497787, Title=Mock Wallpaper 57
  Index 58: Hash=38622084, Title=Mock Wallpaper 58
  Index 59: Hash=50695543, Title=Mock Wallpaper 59
  Index 60: Hash=36885620, Title=Mock Wallpaper 60
  Index 61: Hash=35307962, Title=Mock Wallpaper 61

--- PHASE: Scrolling (ScrollChanged) ---
Timestamp: 2026-05-30 14:26:28.057
Total items: 200
CanContentScroll: True
Scroll Offset: 9940.02
Realized containers count: 6
Containers details:
  Index 56: Hash=6849756, Title=Mock Wallpaper 56
  Index 57: Hash=31497787, Title=Mock Wallpaper 57
  Index 58: Hash=38622084, Title=Mock Wallpaper 58
  Index 59: Hash=50695543, Title=Mock Wallpaper 59
  Index 60: Hash=36885620, Title=Mock Wallpaper 60
  Index 61: Hash=35307962, Title=Mock Wallpaper 61

--- PHASE: Scrolling (ScrollChanged) ---
Timestamp: 2026-05-30 14:26:28.059
Total items: 200
CanContentScroll: True
Scroll Offset: 9918.95
Realized containers count: 6
Containers details:
  Index 56: Hash=6849756, Title=Mock Wallpaper 56
  Index 57: Hash=31497787, Title=Mock Wallpaper 57
  Index 58: Hash=38622084, Title=Mock Wallpaper 58
  Index 59: Hash=50695543, Title=Mock Wallpaper 59
  Index 60: Hash=36885620, Title=Mock Wallpaper 60
  Index 61: Hash=35307962, Title=Mock Wallpaper 61

--- PHASE: Scrolling (ScrollChanged) ---
Timestamp: 2026-05-30 14:26:28.062
Total items: 200
CanContentScroll: True
Scroll Offset: 9900.41
Realized containers count: 5
Containers details:
  Index 56: Hash=6849756, Title=Mock Wallpaper 56
  Index 57: Hash=31497787, Title=Mock Wallpaper 57
  Index 58: Hash=38622084, Title=Mock Wallpaper 58
  Index 59: Hash=50695543, Title=Mock Wallpaper 59
  Index 60: Hash=36885620, Title=Mock Wallpaper 60

--- PHASE: Scrolling (ScrollChanged) ---
Timestamp: 2026-05-30 14:26:28.067
Total items: 200
CanContentScroll: True
Scroll Offset: 9884.09
Realized containers count: 5
Containers details:
  Index 56: Hash=6849756, Title=Mock Wallpaper 56
  Index 57: Hash=31497787, Title=Mock Wallpaper 57
  Index 58: Hash=38622084, Title=Mock Wallpaper 58
  Index 59: Hash=50695543, Title=Mock Wallpaper 59
  Index 60: Hash=36885620, Title=Mock Wallpaper 60

--- PHASE: Scrolling ---
Timestamp: 2026-05-30 14:26:28.071
Total items: 200
CanContentScroll: True
Scroll Offset: 9884.09
Realized containers count: 6
Containers details:
  Index 56: Hash=6849756, Title=Mock Wallpaper 56
  Index 57: Hash=31497787, Title=Mock Wallpaper 57
  Index 58: Hash=38622084, Title=Mock Wallpaper 58
  Index 59: Hash=50695543, Title=Mock Wallpaper 59
  Index 60: Hash=36885620, Title=Mock Wallpaper 60
  Index 61: Hash=12054440, Title=Mock Wallpaper 61

--- PHASE: Scrolling (ScrollChanged) ---
Timestamp: 2026-05-30 14:26:28.074
Total items: 200
CanContentScroll: True
Scroll Offset: 9869.73
Realized containers count: 5
Containers details:
  Index 56: Hash=6849756, Title=Mock Wallpaper 56
  Index 57: Hash=31497787, Title=Mock Wallpaper 57
  Index 58: Hash=38622084, Title=Mock Wallpaper 58
  Index 59: Hash=50695543, Title=Mock Wallpaper 59
  Index 60: Hash=36885620, Title=Mock Wallpaper 60

--- PHASE: Scrolling (ScrollChanged) ---
Timestamp: 2026-05-30 14:26:28.075
Total items: 200
CanContentScroll: True
Scroll Offset: 9857.09
Realized containers count: 5
Containers details:
  Index 56: Hash=6849756, Title=Mock Wallpaper 56
  Index 57: Hash=31497787, Title=Mock Wallpaper 57
  Index 58: Hash=38622084, Title=Mock Wallpaper 58
  Index 59: Hash=50695543, Title=Mock Wallpaper 59
  Index 60: Hash=36885620, Title=Mock Wallpaper 60

--- PHASE: Scrolling (ScrollChanged) ---
Timestamp: 2026-05-30 14:26:28.081
Total items: 200
CanContentScroll: True
Scroll Offset: 9845.97
Realized containers count: 5
Containers details:
  Index 56: Hash=6849756, Title=Mock Wallpaper 56
  Index 57: Hash=31497787, Title=Mock Wallpaper 57
  Index 58: Hash=38622084, Title=Mock Wallpaper 58
  Index 59: Hash=50695543, Title=Mock Wallpaper 59
  Index 60: Hash=36885620, Title=Mock Wallpaper 60

--- PHASE: Scrolling (ScrollChanged) ---
Timestamp: 2026-05-30 14:26:28.085
Total items: 200
CanContentScroll: True
Scroll Offset: 9836.18
Realized containers count: 5
Containers details:
  Index 56: Hash=6849756, Title=Mock Wallpaper 56
  Index 57: Hash=31497787, Title=Mock Wallpaper 57
  Index 58: Hash=38622084, Title=Mock Wallpaper 58
  Index 59: Hash=50695543, Title=Mock Wallpaper 59
  Index 60: Hash=36885620, Title=Mock Wallpaper 60

--- PHASE: Scrolling (ScrollChanged) ---
Timestamp: 2026-05-30 14:26:28.087
Total items: 200
CanContentScroll: True
Scroll Offset: 9827.57
Realized containers count: 5
Containers details:
  Index 56: Hash=6849756, Title=Mock Wallpaper 56
  Index 57: Hash=31497787, Title=Mock Wallpaper 57
  Index 58: Hash=38622084, Title=Mock Wallpaper 58
  Index 59: Hash=50695543, Title=Mock Wallpaper 59
  Index 60: Hash=36885620, Title=Mock Wallpaper 60

--- PHASE: Scrolling ---
Timestamp: 2026-05-30 14:26:28.096
Total items: 200
CanContentScroll: True
Scroll Offset: 9827.57
Realized containers count: 6
Containers details:
  Index 56: Hash=6849756, Title=Mock Wallpaper 56
  Index 57: Hash=31497787, Title=Mock Wallpaper 57
  Index 58: Hash=38622084, Title=Mock Wallpaper 58
  Index 59: Hash=50695543, Title=Mock Wallpaper 59
  Index 60: Hash=36885620, Title=Mock Wallpaper 60
  Index 61: Hash=41381104, Title=Mock Wallpaper 61

--- PHASE: Scrolling (ScrollChanged) ---
Timestamp: 2026-05-30 14:26:28.098
Total items: 200
CanContentScroll: True
Scroll Offset: 9819.99
Realized containers count: 5
Containers details:
  Index 56: Hash=6849756, Title=Mock Wallpaper 56
  Index 57: Hash=31497787, Title=Mock Wallpaper 57
  Index 58: Hash=38622084, Title=Mock Wallpaper 58
  Index 59: Hash=50695543, Title=Mock Wallpaper 59
  Index 60: Hash=36885620, Title=Mock Wallpaper 60

--- PHASE: Scrolling (ScrollChanged) ---
Timestamp: 2026-05-30 14:26:28.100
Total items: 200
CanContentScroll: True
Scroll Offset: 9813.33
Realized containers count: 5
Containers details:
  Index 56: Hash=6849756, Title=Mock Wallpaper 56
  Index 57: Hash=31497787, Title=Mock Wallpaper 57
  Index 58: Hash=38622084, Title=Mock Wallpaper 58
  Index 59: Hash=50695543, Title=Mock Wallpaper 59
  Index 60: Hash=36885620, Title=Mock Wallpaper 60

--- PHASE: Scrolling (ScrollChanged) ---
Timestamp: 2026-05-30 14:26:28.103
Total items: 200
CanContentScroll: True
Scroll Offset: 9807.46
Realized containers count: 5
Containers details:
  Index 56: Hash=6849756, Title=Mock Wallpaper 56
  Index 57: Hash=31497787, Title=Mock Wallpaper 57
  Index 58: Hash=38622084, Title=Mock Wallpaper 58
  Index 59: Hash=50695543, Title=Mock Wallpaper 59
  Index 60: Hash=36885620, Title=Mock Wallpaper 60

--- PHASE: F6: Settled (After Scroll) ---
Timestamp: 2026-05-30 14:26:28.104
Total items: 200
CanContentScroll: True
Scroll Offset: 9807.46
Realized containers count: 5
Containers details:
  Index 56: Hash=6849756, Title=Mock Wallpaper 56
  Index 57: Hash=31497787, Title=Mock Wallpaper 57
  Index 58: Hash=38622084, Title=Mock Wallpaper 58
  Index 59: Hash=50695543, Title=Mock Wallpaper 59
  Index 60: Hash=36885620, Title=Mock Wallpaper 60

--- PHASE: Scrolling (ScrollChanged) ---
Timestamp: 2026-05-30 14:26:28.107
Total items: 200
CanContentScroll: True
Scroll Offset: 9802.29
Realized containers count: 5
Containers details:
  Index 56: Hash=6849756, Title=Mock Wallpaper 56
  Index 57: Hash=31497787, Title=Mock Wallpaper 57
  Index 58: Hash=38622084, Title=Mock Wallpaper 58
  Index 59: Hash=50695543, Title=Mock Wallpaper 59
  Index 60: Hash=36885620, Title=Mock Wallpaper 60

--- PHASE: Scrolling (ScrollChanged) ---
Timestamp: 2026-05-30 14:26:28.114
Total items: 200
CanContentScroll: True
Scroll Offset: 9797.75
Realized containers count: 6
Containers details:
  Index 55: Hash=35307962, Title=Mock Wallpaper 55
  Index 56: Hash=6849756, Title=Mock Wallpaper 56
  Index 57: Hash=31497787, Title=Mock Wallpaper 57
  Index 58: Hash=38622084, Title=Mock Wallpaper 58
  Index 59: Hash=50695543, Title=Mock Wallpaper 59
  Index 60: Hash=36885620, Title=Mock Wallpaper 60

--- PHASE: Scrolling ---
Timestamp: 2026-05-30 14:26:28.116
Total items: 200
CanContentScroll: True
Scroll Offset: 9797.75
Realized containers count: 6
Containers details:
  Index 55: Hash=35307962, Title=Mock Wallpaper 55
  Index 56: Hash=6849756, Title=Mock Wallpaper 56
  Index 57: Hash=31497787, Title=Mock Wallpaper 57
  Index 58: Hash=38622084, Title=Mock Wallpaper 58
  Index 59: Hash=50695543, Title=Mock Wallpaper 59
  Index 60: Hash=36885620, Title=Mock Wallpaper 60

--- PHASE: Scrolling (ScrollChanged) ---
Timestamp: 2026-05-30 14:26:28.117
Total items: 200
CanContentScroll: True
Scroll Offset: 9793.75
Realized containers count: 6
Containers details:
  Index 55: Hash=35307962, Title=Mock Wallpaper 55
  Index 56: Hash=6849756, Title=Mock Wallpaper 56
  Index 57: Hash=31497787, Title=Mock Wallpaper 57
  Index 58: Hash=38622084, Title=Mock Wallpaper 58
  Index 59: Hash=50695543, Title=Mock Wallpaper 59
  Index 60: Hash=36885620, Title=Mock Wallpaper 60

--- PHASE: Scrolling (ScrollChanged) ---
Timestamp: 2026-05-30 14:26:28.124
Total items: 200
CanContentScroll: True
Scroll Offset: 9790.23
Realized containers count: 6
Containers details:
  Index 55: Hash=35307962, Title=Mock Wallpaper 55
  Index 56: Hash=6849756, Title=Mock Wallpaper 56
  Index 57: Hash=31497787, Title=Mock Wallpaper 57
  Index 58: Hash=38622084, Title=Mock Wallpaper 58
  Index 59: Hash=50695543, Title=Mock Wallpaper 59
  Index 60: Hash=36885620, Title=Mock Wallpaper 60

--- PHASE: Scrolling (ScrollChanged) ---
Timestamp: 2026-05-30 14:26:28.132
Total items: 200
CanContentScroll: True
Scroll Offset: 9787.13
Realized containers count: 6
Containers details:
  Index 55: Hash=35307962, Title=Mock Wallpaper 55
  Index 56: Hash=6849756, Title=Mock Wallpaper 56
  Index 57: Hash=31497787, Title=Mock Wallpaper 57
  Index 58: Hash=38622084, Title=Mock Wallpaper 58
  Index 59: Hash=50695543, Title=Mock Wallpaper 59
  Index 60: Hash=36885620, Title=Mock Wallpaper 60

--- PHASE: Scrolling (ScrollChanged) ---
Timestamp: 2026-05-30 14:26:28.135
Total items: 200
CanContentScroll: True
Scroll Offset: 9784.41
Realized containers count: 6
Containers details:
  Index 55: Hash=35307962, Title=Mock Wallpaper 55
  Index 56: Hash=6849756, Title=Mock Wallpaper 56
  Index 57: Hash=31497787, Title=Mock Wallpaper 57
  Index 58: Hash=38622084, Title=Mock Wallpaper 58
  Index 59: Hash=50695543, Title=Mock Wallpaper 59
  Index 60: Hash=36885620, Title=Mock Wallpaper 60

--- PHASE: Scrolling (ScrollChanged) ---
Timestamp: 2026-05-30 14:26:28.137
Total items: 200
CanContentScroll: True
Scroll Offset: 9782.01
Realized containers count: 5
Containers details:
  Index 55: Hash=35307962, Title=Mock Wallpaper 55
  Index 56: Hash=6849756, Title=Mock Wallpaper 56
  Index 57: Hash=31497787, Title=Mock Wallpaper 57
  Index 58: Hash=38622084, Title=Mock Wallpaper 58
  Index 59: Hash=50695543, Title=Mock Wallpaper 59

--- PHASE: Scrolling ---
Timestamp: 2026-05-30 14:26:28.142
Total items: 200
CanContentScroll: True
Scroll Offset: 9782.01
Realized containers count: 6
Containers details:
  Index 55: Hash=35307962, Title=Mock Wallpaper 55
  Index 56: Hash=6849756, Title=Mock Wallpaper 56
  Index 57: Hash=31497787, Title=Mock Wallpaper 57
  Index 58: Hash=38622084, Title=Mock Wallpaper 58
  Index 59: Hash=50695543, Title=Mock Wallpaper 59
  Index 60: Hash=41381104, Title=Mock Wallpaper 60

--- PHASE: Scrolling (ScrollChanged) ---
Timestamp: 2026-05-30 14:26:28.145
Total items: 200
CanContentScroll: True
Scroll Offset: 9779.90
Realized containers count: 5
Containers details:
  Index 55: Hash=35307962, Title=Mock Wallpaper 55
  Index 56: Hash=6849756, Title=Mock Wallpaper 56
  Index 57: Hash=31497787, Title=Mock Wallpaper 57
  Index 58: Hash=38622084, Title=Mock Wallpaper 58
  Index 59: Hash=50695543, Title=Mock Wallpaper 59

--- PHASE: Scrolling (ScrollChanged) ---
Timestamp: 2026-05-30 14:26:28.151
Total items: 200
CanContentScroll: True
Scroll Offset: 9778.04
Realized containers count: 5
Containers details:
  Index 55: Hash=35307962, Title=Mock Wallpaper 55
  Index 56: Hash=6849756, Title=Mock Wallpaper 56
  Index 57: Hash=31497787, Title=Mock Wallpaper 57
  Index 58: Hash=38622084, Title=Mock Wallpaper 58
  Index 59: Hash=50695543, Title=Mock Wallpaper 59

--- PHASE: Scrolling (ScrollChanged) ---
Timestamp: 2026-05-30 14:26:28.153
Total items: 200
CanContentScroll: True
Scroll Offset: 9776.40
Realized containers count: 5
Containers details:
  Index 55: Hash=35307962, Title=Mock Wallpaper 55
  Index 56: Hash=6849756, Title=Mock Wallpaper 56
  Index 57: Hash=31497787, Title=Mock Wallpaper 57
  Index 58: Hash=38622084, Title=Mock Wallpaper 58
  Index 59: Hash=50695543, Title=Mock Wallpaper 59

--- PHASE: Scrolling (ScrollChanged) ---
Timestamp: 2026-05-30 14:26:28.158
Total items: 200
CanContentScroll: True
Scroll Offset: 9774.97
Realized containers count: 5
Containers details:
  Index 55: Hash=35307962, Title=Mock Wallpaper 55
  Index 56: Hash=6849756, Title=Mock Wallpaper 56
  Index 57: Hash=31497787, Title=Mock Wallpaper 57
  Index 58: Hash=38622084, Title=Mock Wallpaper 58
  Index 59: Hash=50695543, Title=Mock Wallpaper 59

--- PHASE: Scrolling (ScrollChanged) ---
Timestamp: 2026-05-30 14:26:28.163
Total items: 200
CanContentScroll: True
Scroll Offset: 9773.70
Realized containers count: 5
Containers details:
  Index 55: Hash=35307962, Title=Mock Wallpaper 55
  Index 56: Hash=6849756, Title=Mock Wallpaper 56
  Index 57: Hash=31497787, Title=Mock Wallpaper 57
  Index 58: Hash=38622084, Title=Mock Wallpaper 58
  Index 59: Hash=50695543, Title=Mock Wallpaper 59

--- PHASE: Scrolling ---
Timestamp: 2026-05-30 14:26:28.166
Total items: 200
CanContentScroll: True
Scroll Offset: 9773.70
Realized containers count: 6
Containers details:
  Index 55: Hash=35307962, Title=Mock Wallpaper 55
  Index 56: Hash=6849756, Title=Mock Wallpaper 56
  Index 57: Hash=31497787, Title=Mock Wallpaper 57
  Index 58: Hash=38622084, Title=Mock Wallpaper 58
  Index 59: Hash=50695543, Title=Mock Wallpaper 59
  Index 60: Hash=41381104, Title=Mock Wallpaper 60

--- PHASE: Scrolling (ScrollChanged) ---
Timestamp: 2026-05-30 14:26:28.167
Total items: 200
CanContentScroll: True
Scroll Offset: 9772.59
Realized containers count: 5
Containers details:
  Index 55: Hash=35307962, Title=Mock Wallpaper 55
  Index 56: Hash=6849756, Title=Mock Wallpaper 56
  Index 57: Hash=31497787, Title=Mock Wallpaper 57
  Index 58: Hash=38622084, Title=Mock Wallpaper 58
  Index 59: Hash=50695543, Title=Mock Wallpaper 59

--- PHASE: Scrolling (ScrollChanged) ---
Timestamp: 2026-05-30 14:26:28.168
Total items: 200
CanContentScroll: True
Scroll Offset: 9771.61
Realized containers count: 5
Containers details:
  Index 55: Hash=35307962, Title=Mock Wallpaper 55
  Index 56: Hash=6849756, Title=Mock Wallpaper 56
  Index 57: Hash=31497787, Title=Mock Wallpaper 57
  Index 58: Hash=38622084, Title=Mock Wallpaper 58
  Index 59: Hash=50695543, Title=Mock Wallpaper 59

--- PHASE: Scrolling (ScrollChanged) ---
Timestamp: 2026-05-30 14:26:28.172
Total items: 200
CanContentScroll: True
Scroll Offset: 9770.74
Realized containers count: 5
Containers details:
  Index 55: Hash=35307962, Title=Mock Wallpaper 55
  Index 56: Hash=6849756, Title=Mock Wallpaper 56
  Index 57: Hash=31497787, Title=Mock Wallpaper 57
  Index 58: Hash=38622084, Title=Mock Wallpaper 58
  Index 59: Hash=50695543, Title=Mock Wallpaper 59

--- PHASE: Scrolling (ScrollChanged) ---
Timestamp: 2026-05-30 14:26:28.176
Total items: 200
CanContentScroll: True
Scroll Offset: 9769.99
Realized containers count: 5
Containers details:
  Index 55: Hash=35307962, Title=Mock Wallpaper 55
  Index 56: Hash=6849756, Title=Mock Wallpaper 56
  Index 57: Hash=31497787, Title=Mock Wallpaper 57
  Index 58: Hash=38622084, Title=Mock Wallpaper 58
  Index 59: Hash=50695543, Title=Mock Wallpaper 59

--- PHASE: Scrolling (ScrollChanged) ---
Timestamp: 2026-05-30 14:26:28.181
Total items: 200
CanContentScroll: True
Scroll Offset: 9769.32
Realized containers count: 5
Containers details:
  Index 55: Hash=35307962, Title=Mock Wallpaper 55
  Index 56: Hash=6849756, Title=Mock Wallpaper 56
  Index 57: Hash=31497787, Title=Mock Wallpaper 57
  Index 58: Hash=38622084, Title=Mock Wallpaper 58
  Index 59: Hash=50695543, Title=Mock Wallpaper 59

--- PHASE: Scrolling ---
Timestamp: 2026-05-30 14:26:28.184
Total items: 200
CanContentScroll: True
Scroll Offset: 9769.32
Realized containers count: 6
Containers details:
  Index 55: Hash=35307962, Title=Mock Wallpaper 55
  Index 56: Hash=6849756, Title=Mock Wallpaper 56
  Index 57: Hash=31497787, Title=Mock Wallpaper 57
  Index 58: Hash=38622084, Title=Mock Wallpaper 58
  Index 59: Hash=50695543, Title=Mock Wallpaper 59
  Index 60: Hash=41381104, Title=Mock Wallpaper 60

--- PHASE: Scrolling (ScrollChanged) ---
Timestamp: 2026-05-30 14:26:28.185
Total items: 200
CanContentScroll: True
Scroll Offset: 9768.73
Realized containers count: 5
Containers details:
  Index 55: Hash=35307962, Title=Mock Wallpaper 55
  Index 56: Hash=6849756, Title=Mock Wallpaper 56
  Index 57: Hash=31497787, Title=Mock Wallpaper 57
  Index 58: Hash=38622084, Title=Mock Wallpaper 58
  Index 59: Hash=50695543, Title=Mock Wallpaper 59

--- PHASE: Scrolling (ScrollChanged) ---
Timestamp: 2026-05-30 14:26:28.187
Total items: 200
CanContentScroll: True
Scroll Offset: 9768.21
Realized containers count: 5
Containers details:
  Index 55: Hash=35307962, Title=Mock Wallpaper 55
  Index 56: Hash=6849756, Title=Mock Wallpaper 56
  Index 57: Hash=31497787, Title=Mock Wallpaper 57
  Index 58: Hash=38622084, Title=Mock Wallpaper 58
  Index 59: Hash=50695543, Title=Mock Wallpaper 59

--- PHASE: Scrolling (ScrollChanged) ---
Timestamp: 2026-05-30 14:26:28.191
Total items: 200
CanContentScroll: True
Scroll Offset: 9767.76
Realized containers count: 5
Containers details:
  Index 55: Hash=35307962, Title=Mock Wallpaper 55
  Index 56: Hash=6849756, Title=Mock Wallpaper 56
  Index 57: Hash=31497787, Title=Mock Wallpaper 57
  Index 58: Hash=38622084, Title=Mock Wallpaper 58
  Index 59: Hash=50695543, Title=Mock Wallpaper 59

--- PHASE: Scrolling (ScrollChanged) ---
Timestamp: 2026-05-30 14:26:28.195
Total items: 200
CanContentScroll: True
Scroll Offset: 9767.36
Realized containers count: 5
Containers details:
  Index 55: Hash=35307962, Title=Mock Wallpaper 55
  Index 56: Hash=6849756, Title=Mock Wallpaper 56
  Index 57: Hash=31497787, Title=Mock Wallpaper 57
  Index 58: Hash=38622084, Title=Mock Wallpaper 58
  Index 59: Hash=50695543, Title=Mock Wallpaper 59

--- PHASE: Settled (After Scroll) ---
Timestamp: 2026-05-30 14:26:28.198
Total items: 200
CanContentScroll: True
Scroll Offset: 9767.36
Realized containers count: 6
Containers details:
  Index 55: Hash=35307962, Title=Mock Wallpaper 55
  Index 56: Hash=6849756, Title=Mock Wallpaper 56
  Index 57: Hash=31497787, Title=Mock Wallpaper 57
  Index 58: Hash=38622084, Title=Mock Wallpaper 58
  Index 59: Hash=50695543, Title=Mock Wallpaper 59
  Index 60: Hash=36885620, Title=Mock Wallpaper 60

--- PHASE: Scrolling (ScrollChanged) ---
Timestamp: 2026-05-30 14:26:28.213
Total items: 200
CanContentScroll: True
Scroll Offset: 8992.78
Realized containers count: 4
Containers details:
  Index 52: Hash=41381104, Title=Mock Wallpaper 52
  Index 53: Hash=12054440, Title=Mock Wallpaper 53
  Index 54: Hash=51134510, Title=Mock Wallpaper 54
  Index 55: Hash=35307962, Title=Mock Wallpaper 55

--- PHASE: Scrolling (ScrollChanged) ---
Timestamp: 2026-05-30 14:26:28.227
Total items: 200
CanContentScroll: True
Scroll Offset: 8311.15
Realized containers count: 6
Containers details:
  Index 48: Hash=6849756, Title=Mock Wallpaper 48
  Index 49: Hash=31497787, Title=Mock Wallpaper 49
  Index 50: Hash=38622084, Title=Mock Wallpaper 50
  Index 51: Hash=50695543, Title=Mock Wallpaper 51
  Index 52: Hash=41381104, Title=Mock Wallpaper 52
  Index 53: Hash=12054440, Title=Mock Wallpaper 53

--- PHASE: Scrolling (ScrollChanged) ---
Timestamp: 2026-05-30 14:26:28.243
Total items: 200
CanContentScroll: True
Scroll Offset: 7711.32
Realized containers count: 5
Containers details:
  Index 44: Hash=51134510, Title=Mock Wallpaper 44
  Index 45: Hash=35307962, Title=Mock Wallpaper 45
  Index 46: Hash=31497787, Title=Mock Wallpaper 46
  Index 47: Hash=36885620, Title=Mock Wallpaper 47
  Index 48: Hash=6849756, Title=Mock Wallpaper 48

--- PHASE: Scrolling (ScrollChanged) ---
Timestamp: 2026-05-30 14:26:28.255
Total items: 200
CanContentScroll: True
Scroll Offset: 7183.47
Realized containers count: 6
Containers details:
  Index 41: Hash=38622084, Title=Mock Wallpaper 41
  Index 42: Hash=50695543, Title=Mock Wallpaper 42
  Index 43: Hash=41381104, Title=Mock Wallpaper 43
  Index 44: Hash=51134510, Title=Mock Wallpaper 44
  Index 45: Hash=35307962, Title=Mock Wallpaper 45
  Index 46: Hash=31497787, Title=Mock Wallpaper 46

--- PHASE: Scrolling ---
Timestamp: 2026-05-30 14:26:28.263
Total items: 200
CanContentScroll: True
Scroll Offset: 7183.47
Realized containers count: 7
Containers details:
  Index 40: Hash=12054440, Title=Mock Wallpaper 40
  Index 41: Hash=38622084, Title=Mock Wallpaper 41
  Index 42: Hash=50695543, Title=Mock Wallpaper 42
  Index 43: Hash=41381104, Title=Mock Wallpaper 43
  Index 44: Hash=51134510, Title=Mock Wallpaper 44
  Index 45: Hash=35307962, Title=Mock Wallpaper 45
  Index 46: Hash=31497787, Title=Mock Wallpaper 46

--- PHASE: Scrolling (ScrollChanged) ---
Timestamp: 2026-05-30 14:26:28.273
Total items: 200
CanContentScroll: True
Scroll Offset: 6718.96
Realized containers count: 4
Containers details:
  Index 39: Hash=36885620, Title=Mock Wallpaper 39
  Index 40: Hash=12054440, Title=Mock Wallpaper 40
  Index 41: Hash=38622084, Title=Mock Wallpaper 41
  Index 42: Hash=50695543, Title=Mock Wallpaper 42

--- PHASE: Scrolling (ScrollChanged) ---
Timestamp: 2026-05-30 14:26:28.282
Total items: 200
CanContentScroll: True
Scroll Offset: 6310.19
Realized containers count: 6
Containers details:
  Index 36: Hash=6849756, Title=Mock Wallpaper 36
  Index 37: Hash=41381104, Title=Mock Wallpaper 37
  Index 38: Hash=51134510, Title=Mock Wallpaper 38
  Index 39: Hash=36885620, Title=Mock Wallpaper 39
  Index 40: Hash=12054440, Title=Mock Wallpaper 40
  Index 41: Hash=38622084, Title=Mock Wallpaper 41

--- PHASE: Scrolling (ScrollChanged) ---
Timestamp: 2026-05-30 14:26:28.294
Total items: 200
CanContentScroll: True
Scroll Offset: 5950.48
Realized containers count: 4
Containers details:
  Index 34: Hash=31497787, Title=Mock Wallpaper 34
  Index 35: Hash=35307962, Title=Mock Wallpaper 35
  Index 36: Hash=6849756, Title=Mock Wallpaper 36
  Index 37: Hash=41381104, Title=Mock Wallpaper 37

--- PHASE: Scrolling (ScrollChanged) ---
Timestamp: 2026-05-30 14:26:28.300
Total items: 200
CanContentScroll: True
Scroll Offset: 5633.93
Realized containers count: 6
Containers details:
  Index 32: Hash=50695543, Title=Mock Wallpaper 32
  Index 33: Hash=51134510, Title=Mock Wallpaper 33
  Index 34: Hash=31497787, Title=Mock Wallpaper 34
  Index 35: Hash=35307962, Title=Mock Wallpaper 35
  Index 36: Hash=6849756, Title=Mock Wallpaper 36
  Index 37: Hash=41381104, Title=Mock Wallpaper 37

--- PHASE: Scrolling (ScrollChanged) ---
Timestamp: 2026-05-30 14:26:28.308
Total items: 200
CanContentScroll: True
Scroll Offset: 5355.36
Realized containers count: 4
Containers details:
  Index 31: Hash=36885620, Title=Mock Wallpaper 31
  Index 32: Hash=50695543, Title=Mock Wallpaper 32
  Index 33: Hash=51134510, Title=Mock Wallpaper 33
  Index 34: Hash=31497787, Title=Mock Wallpaper 34

--- PHASE: Scrolling ---
Timestamp: 2026-05-30 14:26:28.315
Total items: 200
CanContentScroll: True
Scroll Offset: 5355.36
Realized containers count: 6
Containers details:
  Index 30: Hash=12054440, Title=Mock Wallpaper 30
  Index 31: Hash=36885620, Title=Mock Wallpaper 31
  Index 32: Hash=50695543, Title=Mock Wallpaper 32
  Index 33: Hash=51134510, Title=Mock Wallpaper 33
  Index 34: Hash=31497787, Title=Mock Wallpaper 34
  Index 35: Hash=38622084, Title=Mock Wallpaper 35

--- PHASE: Scrolling (ScrollChanged) ---
Timestamp: 2026-05-30 14:26:28.321
Total items: 200
CanContentScroll: True
Scroll Offset: 5110.22
Realized containers count: 5
Containers details:
  Index 29: Hash=35307962, Title=Mock Wallpaper 29
  Index 30: Hash=12054440, Title=Mock Wallpaper 30
  Index 31: Hash=36885620, Title=Mock Wallpaper 31
  Index 32: Hash=50695543, Title=Mock Wallpaper 32
  Index 33: Hash=51134510, Title=Mock Wallpaper 33

--- PHASE: Scrolling (ScrollChanged) ---
Timestamp: 2026-05-30 14:26:28.325
Total items: 200
CanContentScroll: True
Scroll Offset: 4894.50
Realized containers count: 6
Containers details:
  Index 28: Hash=6849756, Title=Mock Wallpaper 28
  Index 29: Hash=35307962, Title=Mock Wallpaper 29
  Index 30: Hash=12054440, Title=Mock Wallpaper 30
  Index 31: Hash=36885620, Title=Mock Wallpaper 31
  Index 32: Hash=50695543, Title=Mock Wallpaper 32
  Index 33: Hash=51134510, Title=Mock Wallpaper 33

--- PHASE: Scrolling (ScrollChanged) ---
Timestamp: 2026-05-30 14:26:28.332
Total items: 200
CanContentScroll: True
Scroll Offset: 4704.67
Realized containers count: 4
Containers details:
  Index 27: Hash=41381104, Title=Mock Wallpaper 27
  Index 28: Hash=6849756, Title=Mock Wallpaper 28
  Index 29: Hash=35307962, Title=Mock Wallpaper 29
  Index 30: Hash=12054440, Title=Mock Wallpaper 30

--- PHASE: Scrolling (ScrollChanged) ---
Timestamp: 2026-05-30 14:26:28.339
Total items: 200
CanContentScroll: True
Scroll Offset: 4537.62
Realized containers count: 5
Containers details:
  Index 26: Hash=31497787, Title=Mock Wallpaper 26
  Index 27: Hash=41381104, Title=Mock Wallpaper 27
  Index 28: Hash=6849756, Title=Mock Wallpaper 28
  Index 29: Hash=35307962, Title=Mock Wallpaper 29
  Index 30: Hash=12054440, Title=Mock Wallpaper 30

--- PHASE: Scrolling (ScrollChanged) ---
Timestamp: 2026-05-30 14:26:28.342
Total items: 200
CanContentScroll: True
Scroll Offset: 4390.61
Realized containers count: 6
Containers details:
  Index 25: Hash=36885620, Title=Mock Wallpaper 25
  Index 26: Hash=31497787, Title=Mock Wallpaper 26
  Index 27: Hash=41381104, Title=Mock Wallpaper 27
  Index 28: Hash=6849756, Title=Mock Wallpaper 28
  Index 29: Hash=35307962, Title=Mock Wallpaper 29
  Index 30: Hash=12054440, Title=Mock Wallpaper 30

--- PHASE: Scrolling ---
Timestamp: 2026-05-30 14:26:28.346
Total items: 200
CanContentScroll: True
Scroll Offset: 4390.61
Realized containers count: 7
Containers details:
  Index 24: Hash=50695543, Title=Mock Wallpaper 24
  Index 25: Hash=36885620, Title=Mock Wallpaper 25
  Index 26: Hash=31497787, Title=Mock Wallpaper 26
  Index 27: Hash=41381104, Title=Mock Wallpaper 27
  Index 28: Hash=6849756, Title=Mock Wallpaper 28
  Index 29: Hash=35307962, Title=Mock Wallpaper 29
  Index 30: Hash=12054440, Title=Mock Wallpaper 30

--- PHASE: Scrolling (ScrollChanged) ---
Timestamp: 2026-05-30 14:26:28.349
Total items: 200
CanContentScroll: True
Scroll Offset: 4261.24
Realized containers count: 5
Containers details:
  Index 24: Hash=50695543, Title=Mock Wallpaper 24
  Index 25: Hash=36885620, Title=Mock Wallpaper 25
  Index 26: Hash=31497787, Title=Mock Wallpaper 26
  Index 27: Hash=41381104, Title=Mock Wallpaper 27
  Index 28: Hash=6849756, Title=Mock Wallpaper 28

--- PHASE: Scrolling (ScrollChanged) ---
Timestamp: 2026-05-30 14:26:28.354
Total items: 200
CanContentScroll: True
Scroll Offset: 4147.40
Realized containers count: 5
Containers details:
  Index 23: Hash=51134510, Title=Mock Wallpaper 23
  Index 24: Hash=50695543, Title=Mock Wallpaper 24
  Index 25: Hash=36885620, Title=Mock Wallpaper 25
  Index 26: Hash=31497787, Title=Mock Wallpaper 26
  Index 27: Hash=41381104, Title=Mock Wallpaper 27

--- PHASE: Scrolling (ScrollChanged) ---
Timestamp: 2026-05-30 14:26:28.356
Total items: 200
CanContentScroll: True
Scroll Offset: 4047.22
Realized containers count: 5
Containers details:
  Index 23: Hash=51134510, Title=Mock Wallpaper 23
  Index 24: Hash=50695543, Title=Mock Wallpaper 24
  Index 25: Hash=36885620, Title=Mock Wallpaper 25
  Index 26: Hash=31497787, Title=Mock Wallpaper 26
  Index 27: Hash=41381104, Title=Mock Wallpaper 27

--- PHASE: Scrolling (ScrollChanged) ---
Timestamp: 2026-05-30 14:26:28.371
Total items: 200
CanContentScroll: True
Scroll Offset: 3854.52
Realized containers count: 4
Containers details:
  Index 22: Hash=38622084, Title=Mock Wallpaper 22
  Index 23: Hash=51134510, Title=Mock Wallpaper 23
  Index 24: Hash=50695543, Title=Mock Wallpaper 24
  Index 25: Hash=36885620, Title=Mock Wallpaper 25

--- PHASE: Scrolling (ScrollChanged) ---
Timestamp: 2026-05-30 14:26:28.374
Total items: 200
CanContentScroll: True
Scroll Offset: 3684.94
Realized containers count: 5
Containers details:
  Index 21: Hash=35307962, Title=Mock Wallpaper 21
  Index 22: Hash=38622084, Title=Mock Wallpaper 22
  Index 23: Hash=51134510, Title=Mock Wallpaper 23
  Index 24: Hash=50695543, Title=Mock Wallpaper 24
  Index 25: Hash=36885620, Title=Mock Wallpaper 25

--- PHASE: Scrolling ---
Timestamp: 2026-05-30 14:26:28.386
Total items: 200
CanContentScroll: True
Scroll Offset: 3684.94
Realized containers count: 5
Containers details:
  Index 21: Hash=35307962, Title=Mock Wallpaper 21
  Index 22: Hash=38622084, Title=Mock Wallpaper 22
  Index 23: Hash=51134510, Title=Mock Wallpaper 23
  Index 24: Hash=50695543, Title=Mock Wallpaper 24
  Index 25: Hash=36885620, Title=Mock Wallpaper 25

--- PHASE: Scrolling (ScrollChanged) ---
Timestamp: 2026-05-30 14:26:28.390
Total items: 200
CanContentScroll: True
Scroll Offset: 3402.26
Realized containers count: 6
Containers details:
  Index 19: Hash=12054440, Title=Mock Wallpaper 19
  Index 20: Hash=6849756, Title=Mock Wallpaper 20
  Index 21: Hash=35307962, Title=Mock Wallpaper 21
  Index 22: Hash=38622084, Title=Mock Wallpaper 22
  Index 23: Hash=51134510, Title=Mock Wallpaper 23
  Index 24: Hash=50695543, Title=Mock Wallpaper 24

--- PHASE: Scrolling (ScrollChanged) ---
Timestamp: 2026-05-30 14:26:28.403
Total items: 200
CanContentScroll: True
Scroll Offset: 3099.64
Realized containers count: 5
Containers details:
  Index 18: Hash=31497787, Title=Mock Wallpaper 18
  Index 19: Hash=12054440, Title=Mock Wallpaper 19
  Index 20: Hash=6849756, Title=Mock Wallpaper 20
  Index 21: Hash=35307962, Title=Mock Wallpaper 21
  Index 22: Hash=38622084, Title=Mock Wallpaper 22

--- PHASE: Scrolling (ScrollChanged) ---
Timestamp: 2026-05-30 14:26:28.427
Total items: 200
CanContentScroll: True
Scroll Offset: 2665.04
Realized containers count: 5
Containers details:
  Index 15: Hash=41381104, Title=Mock Wallpaper 15
  Index 16: Hash=36885620, Title=Mock Wallpaper 16
  Index 17: Hash=51134510, Title=Mock Wallpaper 17
  Index 18: Hash=31497787, Title=Mock Wallpaper 18
  Index 19: Hash=12054440, Title=Mock Wallpaper 19

--- PHASE: Scrolling (ScrollChanged) ---
Timestamp: 2026-05-30 14:26:28.438
Total items: 200
CanContentScroll: True
Scroll Offset: 2178.04
Realized containers count: 6
Containers details:
  Index 12: Hash=50695543, Title=Mock Wallpaper 12
  Index 13: Hash=6849756, Title=Mock Wallpaper 13
  Index 14: Hash=35307962, Title=Mock Wallpaper 14
  Index 15: Hash=41381104, Title=Mock Wallpaper 15
  Index 16: Hash=36885620, Title=Mock Wallpaper 16
  Index 17: Hash=51134510, Title=Mock Wallpaper 17

--- PHASE: Scrolling (ScrollChanged) ---
Timestamp: 2026-05-30 14:26:28.451
Total items: 200
CanContentScroll: True
Scroll Offset: 1639.01
Realized containers count: 5
Containers details:
  Index 9: Hash=38622084, Title=Mock Wallpaper 9
  Index 10: Hash=31497787, Title=Mock Wallpaper 10
  Index 11: Hash=12054440, Title=Mock Wallpaper 11
  Index 12: Hash=50695543, Title=Mock Wallpaper 12
  Index 13: Hash=6849756, Title=Mock Wallpaper 13

--- PHASE: Scrolling ---
Timestamp: 2026-05-30 14:26:28.456
Total items: 200
CanContentScroll: True
Scroll Offset: 1639.01
Realized containers count: 5
Containers details:
  Index 9: Hash=38622084, Title=Mock Wallpaper 9
  Index 10: Hash=31497787, Title=Mock Wallpaper 10
  Index 11: Hash=12054440, Title=Mock Wallpaper 11
  Index 12: Hash=50695543, Title=Mock Wallpaper 12
  Index 13: Hash=6849756, Title=Mock Wallpaper 13

--- PHASE: Scrolling (ScrollChanged) ---
Timestamp: 2026-05-30 14:26:28.463
Total items: 200
CanContentScroll: True
Scroll Offset: 1060.50
Realized containers count: 5
Containers details:
  Index 6: Hash=35307962, Title=Mock Wallpaper 6
  Index 7: Hash=41381104, Title=Mock Wallpaper 7
  Index 8: Hash=36885620, Title=Mock Wallpaper 8
  Index 9: Hash=38622084, Title=Mock Wallpaper 9
  Index 10: Hash=31497787, Title=Mock Wallpaper 10

--- PHASE: Scrolling (ScrollChanged) ---
Timestamp: 2026-05-30 14:26:28.474
Total items: 200
CanContentScroll: True
Scroll Offset: 515.78
Realized containers count: 6
Containers details:
  Index 2: Hash=51134510, Title=Mock Wallpaper 2
  Index 3: Hash=12054440, Title=Mock Wallpaper 3
  Index 4: Hash=50695543, Title=Mock Wallpaper 4
  Index 5: Hash=6849756, Title=Mock Wallpaper 5
  Index 6: Hash=35307962, Title=Mock Wallpaper 6
  Index 7: Hash=41381104, Title=Mock Wallpaper 7

--- PHASE: Scrolling (ScrollChanged) ---
Timestamp: 2026-05-30 14:26:28.483
Total items: 200
CanContentScroll: True
Scroll Offset: 0.00
Realized containers count: 8
Containers details:
  Index 0: Hash=36885620, Title=Mock Wallpaper 0
  Index 1: Hash=38622084, Title=Mock Wallpaper 1
  Index 2: Hash=51134510, Title=Mock Wallpaper 2
  Index 3: Hash=12054440, Title=Mock Wallpaper 3
  Index 4: Hash=50695543, Title=Mock Wallpaper 4
  Index 5: Hash=6849756, Title=Mock Wallpaper 5
  Index 6: Hash=35307962, Title=Mock Wallpaper 6
  Index 7: Hash=41381104, Title=Mock Wallpaper 7

--- PHASE: Scrolling ---
Timestamp: 2026-05-30 14:26:28.504
Total items: 200
CanContentScroll: True
Scroll Offset: 0.00
Realized containers count: 8
Containers details:
  Index 0: Hash=36885620, Title=Mock Wallpaper 0
  Index 1: Hash=38622084, Title=Mock Wallpaper 1
  Index 2: Hash=51134510, Title=Mock Wallpaper 2
  Index 3: Hash=12054440, Title=Mock Wallpaper 3
  Index 4: Hash=50695543, Title=Mock Wallpaper 4
  Index 5: Hash=6849756, Title=Mock Wallpaper 5
  Index 6: Hash=35307962, Title=Mock Wallpaper 6
  Index 7: Hash=41381104, Title=Mock Wallpaper 7

--- PHASE: Scrolling ---
Timestamp: 2026-05-30 14:26:28.565
Total items: 200
CanContentScroll: True
Scroll Offset: 0.00
Realized containers count: 8
Containers details:
  Index 0: Hash=36885620, Title=Mock Wallpaper 0
  Index 1: Hash=38622084, Title=Mock Wallpaper 1
  Index 2: Hash=51134510, Title=Mock Wallpaper 2
  Index 3: Hash=12054440, Title=Mock Wallpaper 3
  Index 4: Hash=50695543, Title=Mock Wallpaper 4
  Index 5: Hash=6849756, Title=Mock Wallpaper 5
  Index 6: Hash=35307962, Title=Mock Wallpaper 6
  Index 7: Hash=41381104, Title=Mock Wallpaper 7

--- PHASE: Scrolling ---
Timestamp: 2026-05-30 14:26:28.600
Total items: 200
CanContentScroll: True
Scroll Offset: 0.00
Realized containers count: 8
Containers details:
  Index 0: Hash=36885620, Title=Mock Wallpaper 0
  Index 1: Hash=38622084, Title=Mock Wallpaper 1
  Index 2: Hash=51134510, Title=Mock Wallpaper 2
  Index 3: Hash=12054440, Title=Mock Wallpaper 3
  Index 4: Hash=50695543, Title=Mock Wallpaper 4
  Index 5: Hash=6849756, Title=Mock Wallpaper 5
  Index 6: Hash=35307962, Title=Mock Wallpaper 6
  Index 7: Hash=41381104, Title=Mock Wallpaper 7

--- PHASE: Scrolling ---
Timestamp: 2026-05-30 14:26:28.635
Total items: 200
CanContentScroll: True
Scroll Offset: 0.00
Realized containers count: 8
Containers details:
  Index 0: Hash=36885620, Title=Mock Wallpaper 0
  Index 1: Hash=38622084, Title=Mock Wallpaper 1
  Index 2: Hash=51134510, Title=Mock Wallpaper 2
  Index 3: Hash=12054440, Title=Mock Wallpaper 3
  Index 4: Hash=50695543, Title=Mock Wallpaper 4
  Index 5: Hash=6849756, Title=Mock Wallpaper 5
  Index 6: Hash=35307962, Title=Mock Wallpaper 6
  Index 7: Hash=41381104, Title=Mock Wallpaper 7

--- PHASE: Scrolling ---
Timestamp: 2026-05-30 14:26:28.676
Total items: 200
CanContentScroll: True
Scroll Offset: 0.00
Realized containers count: 8
Containers details:
  Index 0: Hash=36885620, Title=Mock Wallpaper 0
  Index 1: Hash=38622084, Title=Mock Wallpaper 1
  Index 2: Hash=51134510, Title=Mock Wallpaper 2
  Index 3: Hash=12054440, Title=Mock Wallpaper 3
  Index 4: Hash=50695543, Title=Mock Wallpaper 4
  Index 5: Hash=6849756, Title=Mock Wallpaper 5
  Index 6: Hash=35307962, Title=Mock Wallpaper 6
  Index 7: Hash=41381104, Title=Mock Wallpaper 7

--- PHASE: Scrolling ---
Timestamp: 2026-05-30 14:26:28.710
Total items: 200
CanContentScroll: True
Scroll Offset: 0.00
Realized containers count: 8
Containers details:
  Index 0: Hash=36885620, Title=Mock Wallpaper 0
  Index 1: Hash=38622084, Title=Mock Wallpaper 1
  Index 2: Hash=51134510, Title=Mock Wallpaper 2
  Index 3: Hash=12054440, Title=Mock Wallpaper 3
  Index 4: Hash=50695543, Title=Mock Wallpaper 4
  Index 5: Hash=6849756, Title=Mock Wallpaper 5
  Index 6: Hash=35307962, Title=Mock Wallpaper 6
  Index 7: Hash=41381104, Title=Mock Wallpaper 7

--- PHASE: Scrolling ---
Timestamp: 2026-05-30 14:26:28.745
Total items: 200
CanContentScroll: True
Scroll Offset: 0.00
Realized containers count: 8
Containers details:
  Index 0: Hash=36885620, Title=Mock Wallpaper 0
  Index 1: Hash=38622084, Title=Mock Wallpaper 1
  Index 2: Hash=51134510, Title=Mock Wallpaper 2
  Index 3: Hash=12054440, Title=Mock Wallpaper 3
  Index 4: Hash=50695543, Title=Mock Wallpaper 4
  Index 5: Hash=6849756, Title=Mock Wallpaper 5
  Index 6: Hash=35307962, Title=Mock Wallpaper 6
  Index 7: Hash=41381104, Title=Mock Wallpaper 7

--- PHASE: Scrolling ---
Timestamp: 2026-05-30 14:26:28.818
Total items: 200
CanContentScroll: True
Scroll Offset: 0.00
Realized containers count: 8
Containers details:
  Index 0: Hash=36885620, Title=Mock Wallpaper 0
  Index 1: Hash=38622084, Title=Mock Wallpaper 1
  Index 2: Hash=51134510, Title=Mock Wallpaper 2
  Index 3: Hash=12054440, Title=Mock Wallpaper 3
  Index 4: Hash=50695543, Title=Mock Wallpaper 4
  Index 5: Hash=6849756, Title=Mock Wallpaper 5
  Index 6: Hash=35307962, Title=Mock Wallpaper 6
  Index 7: Hash=41381104, Title=Mock Wallpaper 7

--- PHASE: Scrolling ---
Timestamp: 2026-05-30 14:26:28.880
Total items: 200
CanContentScroll: True
Scroll Offset: 0.00
Realized containers count: 8
Containers details:
  Index 0: Hash=36885620, Title=Mock Wallpaper 0
  Index 1: Hash=38622084, Title=Mock Wallpaper 1
  Index 2: Hash=51134510, Title=Mock Wallpaper 2
  Index 3: Hash=12054440, Title=Mock Wallpaper 3
  Index 4: Hash=50695543, Title=Mock Wallpaper 4
  Index 5: Hash=6849756, Title=Mock Wallpaper 5
  Index 6: Hash=35307962, Title=Mock Wallpaper 6
  Index 7: Hash=41381104, Title=Mock Wallpaper 7

--- PHASE: Scrolling ---
Timestamp: 2026-05-30 14:26:28.943
Total items: 200
CanContentScroll: True
Scroll Offset: 0.00
Realized containers count: 8
Containers details:
  Index 0: Hash=36885620, Title=Mock Wallpaper 0
  Index 1: Hash=38622084, Title=Mock Wallpaper 1
  Index 2: Hash=51134510, Title=Mock Wallpaper 2
  Index 3: Hash=12054440, Title=Mock Wallpaper 3
  Index 4: Hash=50695543, Title=Mock Wallpaper 4
  Index 5: Hash=6849756, Title=Mock Wallpaper 5
  Index 6: Hash=35307962, Title=Mock Wallpaper 6
  Index 7: Hash=41381104, Title=Mock Wallpaper 7

--- PHASE: Scrolling ---
Timestamp: 2026-05-30 14:26:29.021
Total items: 200
CanContentScroll: True
Scroll Offset: 0.00
Realized containers count: 8
Containers details:
  Index 0: Hash=36885620, Title=Mock Wallpaper 0
  Index 1: Hash=38622084, Title=Mock Wallpaper 1
  Index 2: Hash=51134510, Title=Mock Wallpaper 2
  Index 3: Hash=12054440, Title=Mock Wallpaper 3
  Index 4: Hash=50695543, Title=Mock Wallpaper 4
  Index 5: Hash=6849756, Title=Mock Wallpaper 5
  Index 6: Hash=35307962, Title=Mock Wallpaper 6
  Index 7: Hash=41381104, Title=Mock Wallpaper 7

--- PHASE: Scrolling ---
Timestamp: 2026-05-30 14:26:29.098
Total items: 200
CanContentScroll: True
Scroll Offset: 0.00
Realized containers count: 8
Containers details:
  Index 0: Hash=36885620, Title=Mock Wallpaper 0
  Index 1: Hash=38622084, Title=Mock Wallpaper 1
  Index 2: Hash=51134510, Title=Mock Wallpaper 2
  Index 3: Hash=12054440, Title=Mock Wallpaper 3
  Index 4: Hash=50695543, Title=Mock Wallpaper 4
  Index 5: Hash=6849756, Title=Mock Wallpaper 5
  Index 6: Hash=35307962, Title=Mock Wallpaper 6
  Index 7: Hash=41381104, Title=Mock Wallpaper 7

--- PHASE: Scrolling (ScrollChanged) ---
Timestamp: 2026-05-30 14:26:29.147
Total items: 200
CanContentScroll: True
Scroll Offset: 17.43
Realized containers count: 5
Containers details:
  Index 0: Hash=36885620, Title=Mock Wallpaper 0
  Index 1: Hash=38622084, Title=Mock Wallpaper 1
  Index 2: Hash=51134510, Title=Mock Wallpaper 2
  Index 3: Hash=12054440, Title=Mock Wallpaper 3
  Index 4: Hash=50695543, Title=Mock Wallpaper 4

--- PHASE: Scrolling (ScrollChanged) ---
Timestamp: 2026-05-30 14:26:29.160
Total items: 200
CanContentScroll: True
Scroll Offset: 75.93
Realized containers count: 5
Containers details:
  Index 0: Hash=36885620, Title=Mock Wallpaper 0
  Index 1: Hash=38622084, Title=Mock Wallpaper 1
  Index 2: Hash=51134510, Title=Mock Wallpaper 2
  Index 3: Hash=12054440, Title=Mock Wallpaper 3
  Index 4: Hash=50695543, Title=Mock Wallpaper 4

--- PHASE: Scrolling ---
Timestamp: 2026-05-30 14:26:29.162
Total items: 200
CanContentScroll: True
Scroll Offset: 75.93
Realized containers count: 5
Containers details:
  Index 0: Hash=36885620, Title=Mock Wallpaper 0
  Index 1: Hash=38622084, Title=Mock Wallpaper 1
  Index 2: Hash=51134510, Title=Mock Wallpaper 2
  Index 3: Hash=12054440, Title=Mock Wallpaper 3
  Index 4: Hash=50695543, Title=Mock Wallpaper 4

--- PHASE: Scrolling (ScrollChanged) ---
Timestamp: 2026-05-30 14:26:29.163
Total items: 200
CanContentScroll: True
Scroll Offset: 127.41
Realized containers count: 5
Containers details:
  Index 0: Hash=36885620, Title=Mock Wallpaper 0
  Index 1: Hash=38622084, Title=Mock Wallpaper 1
  Index 2: Hash=51134510, Title=Mock Wallpaper 2
  Index 3: Hash=12054440, Title=Mock Wallpaper 3
  Index 4: Hash=50695543, Title=Mock Wallpaper 4

--- PHASE: Scrolling (ScrollChanged) ---
Timestamp: 2026-05-30 14:26:29.164
Total items: 200
CanContentScroll: True
Scroll Offset: 172.72
Realized containers count: 5
Containers details:
  Index 0: Hash=36885620, Title=Mock Wallpaper 0
  Index 1: Hash=38622084, Title=Mock Wallpaper 1
  Index 2: Hash=51134510, Title=Mock Wallpaper 2
  Index 3: Hash=12054440, Title=Mock Wallpaper 3
  Index 4: Hash=50695543, Title=Mock Wallpaper 4

--- PHASE: Scrolling (ScrollChanged) ---
Timestamp: 2026-05-30 14:26:29.167
Total items: 200
CanContentScroll: True
Scroll Offset: 212.59
Realized containers count: 6
Containers details:
  Index 0: Hash=36885620, Title=Mock Wallpaper 0
  Index 1: Hash=38622084, Title=Mock Wallpaper 1
  Index 2: Hash=51134510, Title=Mock Wallpaper 2
  Index 3: Hash=12054440, Title=Mock Wallpaper 3
  Index 4: Hash=50695543, Title=Mock Wallpaper 4
  Index 5: Hash=31497787, Title=Mock Wallpaper 5

--- PHASE: Scrolling (ScrollChanged) ---
Timestamp: 2026-05-30 14:26:29.173
Total items: 200
CanContentScroll: True
Scroll Offset: 293.21
Realized containers count: 6
Containers details:
  Index 0: Hash=36885620, Title=Mock Wallpaper 0
  Index 1: Hash=38622084, Title=Mock Wallpaper 1
  Index 2: Hash=51134510, Title=Mock Wallpaper 2
  Index 3: Hash=12054440, Title=Mock Wallpaper 3
  Index 4: Hash=50695543, Title=Mock Wallpaper 4
  Index 5: Hash=31497787, Title=Mock Wallpaper 5

--- PHASE: Scrolling (ScrollChanged) ---
Timestamp: 2026-05-30 14:26:29.176
Total items: 200
CanContentScroll: True
Scroll Offset: 364.16
Realized containers count: 6
Containers details:
  Index 0: Hash=36885620, Title=Mock Wallpaper 0
  Index 1: Hash=38622084, Title=Mock Wallpaper 1
  Index 2: Hash=51134510, Title=Mock Wallpaper 2
  Index 3: Hash=12054440, Title=Mock Wallpaper 3
  Index 4: Hash=50695543, Title=Mock Wallpaper 4
  Index 5: Hash=31497787, Title=Mock Wallpaper 5

--- PHASE: Scrolling ---
Timestamp: 2026-05-30 14:26:29.179
Total items: 200
CanContentScroll: True
Scroll Offset: 364.16
Realized containers count: 7
Containers details:
  Index 0: Hash=36885620, Title=Mock Wallpaper 0
  Index 1: Hash=38622084, Title=Mock Wallpaper 1
  Index 2: Hash=51134510, Title=Mock Wallpaper 2
  Index 3: Hash=12054440, Title=Mock Wallpaper 3
  Index 4: Hash=50695543, Title=Mock Wallpaper 4
  Index 5: Hash=31497787, Title=Mock Wallpaper 5
  Index 6: Hash=6849756, Title=Mock Wallpaper 6

--- PHASE: Scrolling (ScrollChanged) ---
Timestamp: 2026-05-30 14:26:29.181
Total items: 200
CanContentScroll: True
Scroll Offset: 426.59
Realized containers count: 6
Containers details:
  Index 1: Hash=38622084, Title=Mock Wallpaper 1
  Index 2: Hash=51134510, Title=Mock Wallpaper 2
  Index 3: Hash=12054440, Title=Mock Wallpaper 3
  Index 4: Hash=50695543, Title=Mock Wallpaper 4
  Index 5: Hash=31497787, Title=Mock Wallpaper 5
  Index 6: Hash=6849756, Title=Mock Wallpaper 6

--- PHASE: Scrolling (ScrollChanged) ---
Timestamp: 2026-05-30 14:26:29.188
Total items: 200
CanContentScroll: True
Scroll Offset: 505.69
Realized containers count: 6
Containers details:
  Index 1: Hash=38622084, Title=Mock Wallpaper 1
  Index 2: Hash=51134510, Title=Mock Wallpaper 2
  Index 3: Hash=12054440, Title=Mock Wallpaper 3
  Index 4: Hash=50695543, Title=Mock Wallpaper 4
  Index 5: Hash=31497787, Title=Mock Wallpaper 5
  Index 6: Hash=6849756, Title=Mock Wallpaper 6

--- PHASE: Scrolling (ScrollChanged) ---
Timestamp: 2026-05-30 14:26:29.204
Total items: 200
CanContentScroll: True
Scroll Offset: 632.72
Realized containers count: 5
Containers details:
  Index 2: Hash=51134510, Title=Mock Wallpaper 2
  Index 3: Hash=12054440, Title=Mock Wallpaper 3
  Index 4: Hash=50695543, Title=Mock Wallpaper 4
  Index 5: Hash=31497787, Title=Mock Wallpaper 5
  Index 6: Hash=6849756, Title=Mock Wallpaper 6

--- PHASE: Scrolling (ScrollChanged) ---
Timestamp: 2026-05-30 14:26:29.228
Total items: 200
CanContentScroll: True
Scroll Offset: 858.16
Realized containers count: 6
Containers details:
  Index 3: Hash=12054440, Title=Mock Wallpaper 3
  Index 4: Hash=50695543, Title=Mock Wallpaper 4
  Index 5: Hash=31497787, Title=Mock Wallpaper 5
  Index 6: Hash=6849756, Title=Mock Wallpaper 6
  Index 7: Hash=35307962, Title=Mock Wallpaper 7
  Index 8: Hash=41381104, Title=Mock Wallpaper 8

--- PHASE: Scrolling (ScrollChanged) ---
Timestamp: 2026-05-30 14:26:29.231
Total items: 200
CanContentScroll: True
Scroll Offset: 1056.54
Realized containers count: 6
Containers details:
  Index 4: Hash=50695543, Title=Mock Wallpaper 4
  Index 5: Hash=31497787, Title=Mock Wallpaper 5
  Index 6: Hash=6849756, Title=Mock Wallpaper 6
  Index 7: Hash=35307962, Title=Mock Wallpaper 7
  Index 8: Hash=41381104, Title=Mock Wallpaper 8
  Index 9: Hash=36885620, Title=Mock Wallpaper 9

--- PHASE: Scrolling ---
Timestamp: 2026-05-30 14:26:29.242
Total items: 200
CanContentScroll: True
Scroll Offset: 1056.54
Realized containers count: 7
Containers details:
  Index 4: Hash=50695543, Title=Mock Wallpaper 4
  Index 5: Hash=31497787, Title=Mock Wallpaper 5
  Index 6: Hash=6849756, Title=Mock Wallpaper 6
  Index 7: Hash=35307962, Title=Mock Wallpaper 7
  Index 8: Hash=41381104, Title=Mock Wallpaper 8
  Index 9: Hash=36885620, Title=Mock Wallpaper 9
  Index 10: Hash=38622084, Title=Mock Wallpaper 10

--- PHASE: Scrolling (ScrollChanged) ---
Timestamp: 2026-05-30 14:26:29.244
Total items: 200
CanContentScroll: True
Scroll Offset: 1298.83
Realized containers count: 5
Containers details:
  Index 6: Hash=6849756, Title=Mock Wallpaper 6
  Index 7: Hash=35307962, Title=Mock Wallpaper 7
  Index 8: Hash=41381104, Title=Mock Wallpaper 8
  Index 9: Hash=36885620, Title=Mock Wallpaper 9
  Index 10: Hash=38622084, Title=Mock Wallpaper 10

--- PHASE: Scrolling (ScrollChanged) ---
Timestamp: 2026-05-30 14:26:29.250
Total items: 200
CanContentScroll: True
Scroll Offset: 1512.05
Realized containers count: 5
Containers details:
  Index 7: Hash=35307962, Title=Mock Wallpaper 7
  Index 8: Hash=41381104, Title=Mock Wallpaper 8
  Index 9: Hash=36885620, Title=Mock Wallpaper 9
  Index 10: Hash=38622084, Title=Mock Wallpaper 10
  Index 11: Hash=51134510, Title=Mock Wallpaper 11

--- PHASE: Scrolling (ScrollChanged) ---
Timestamp: 2026-05-30 14:26:29.269
Total items: 200
CanContentScroll: True
Scroll Offset: 1806.21
Realized containers count: 5
Containers details:
  Index 9: Hash=36885620, Title=Mock Wallpaper 9
  Index 10: Hash=38622084, Title=Mock Wallpaper 10
  Index 11: Hash=51134510, Title=Mock Wallpaper 11
  Index 12: Hash=12054440, Title=Mock Wallpaper 12
  Index 13: Hash=50695543, Title=Mock Wallpaper 13

--- PHASE: Scrolling (ScrollChanged) ---
Timestamp: 2026-05-30 14:26:29.283
Total items: 200
CanContentScroll: True
Scroll Offset: 2130.01
Realized containers count: 5
Containers details:
  Index 11: Hash=51134510, Title=Mock Wallpaper 11
  Index 12: Hash=12054440, Title=Mock Wallpaper 12
  Index 13: Hash=50695543, Title=Mock Wallpaper 13
  Index 14: Hash=31497787, Title=Mock Wallpaper 14
  Index 15: Hash=6849756, Title=Mock Wallpaper 15

--- PHASE: Scrolling (ScrollChanged) ---
Timestamp: 2026-05-30 14:26:29.299
Total items: 200
CanContentScroll: True
Scroll Offset: 2515.93
Realized containers count: 5
Containers details:
  Index 13: Hash=50695543, Title=Mock Wallpaper 13
  Index 14: Hash=31497787, Title=Mock Wallpaper 14
  Index 15: Hash=6849756, Title=Mock Wallpaper 15
  Index 16: Hash=35307962, Title=Mock Wallpaper 16
  Index 17: Hash=41381104, Title=Mock Wallpaper 17

--- PHASE: Scrolling ---
Timestamp: 2026-05-30 14:26:29.306
Total items: 200
CanContentScroll: True
Scroll Offset: 2515.93
Realized containers count: 5
Containers details:
  Index 13: Hash=50695543, Title=Mock Wallpaper 13
  Index 14: Hash=31497787, Title=Mock Wallpaper 14
  Index 15: Hash=6849756, Title=Mock Wallpaper 15
  Index 16: Hash=35307962, Title=Mock Wallpaper 16
  Index 17: Hash=41381104, Title=Mock Wallpaper 17

--- PHASE: Scrolling (ScrollChanged) ---
Timestamp: 2026-05-30 14:26:29.311
Total items: 200
CanContentScroll: True
Scroll Offset: 2880.10
Realized containers count: 5
Containers details:
  Index 15: Hash=6849756, Title=Mock Wallpaper 15
  Index 16: Hash=35307962, Title=Mock Wallpaper 16
  Index 17: Hash=41381104, Title=Mock Wallpaper 17
  Index 18: Hash=36885620, Title=Mock Wallpaper 18
  Index 19: Hash=38622084, Title=Mock Wallpaper 19

--- PHASE: Scrolling (ScrollChanged) ---
Timestamp: 2026-05-30 14:26:29.322
Total items: 200
CanContentScroll: True
Scroll Offset: 3200.57
Realized containers count: 5
Containers details:
  Index 17: Hash=41381104, Title=Mock Wallpaper 17
  Index 18: Hash=36885620, Title=Mock Wallpaper 18
  Index 19: Hash=38622084, Title=Mock Wallpaper 19
  Index 20: Hash=51134510, Title=Mock Wallpaper 20
  Index 21: Hash=12054440, Title=Mock Wallpaper 21

--- PHASE: Scrolling (ScrollChanged) ---
Timestamp: 2026-05-30 14:26:29.329
Total items: 200
CanContentScroll: True
Scroll Offset: 3482.58
Realized containers count: 6
Containers details:
  Index 18: Hash=36885620, Title=Mock Wallpaper 18
  Index 19: Hash=38622084, Title=Mock Wallpaper 19
  Index 20: Hash=51134510, Title=Mock Wallpaper 20
  Index 21: Hash=12054440, Title=Mock Wallpaper 21
  Index 22: Hash=50695543, Title=Mock Wallpaper 22
  Index 23: Hash=31497787, Title=Mock Wallpaper 23

--- PHASE: Scrolling (ScrollChanged) ---
Timestamp: 2026-05-30 14:26:29.334
Total items: 200
CanContentScroll: True
Scroll Offset: 3730.74
Realized containers count: 5
Containers details:
  Index 20: Hash=51134510, Title=Mock Wallpaper 20
  Index 21: Hash=12054440, Title=Mock Wallpaper 21
  Index 22: Hash=50695543, Title=Mock Wallpaper 22
  Index 23: Hash=31497787, Title=Mock Wallpaper 23
  Index 24: Hash=6849756, Title=Mock Wallpaper 24

--- PHASE: Scrolling (ScrollChanged) ---
Timestamp: 2026-05-30 14:26:29.339
Total items: 200
CanContentScroll: True
Scroll Offset: 3949.13
Realized containers count: 6
Containers details:
  Index 21: Hash=12054440, Title=Mock Wallpaper 21
  Index 22: Hash=50695543, Title=Mock Wallpaper 22
  Index 23: Hash=31497787, Title=Mock Wallpaper 23
  Index 24: Hash=6849756, Title=Mock Wallpaper 24
  Index 25: Hash=35307962, Title=Mock Wallpaper 25
  Index 26: Hash=41381104, Title=Mock Wallpaper 26

--- PHASE: Scrolling ---
Timestamp: 2026-05-30 14:26:29.343
Total items: 200
CanContentScroll: True
Scroll Offset: 3949.13
Realized containers count: 7
Containers details:
  Index 21: Hash=12054440, Title=Mock Wallpaper 21
  Index 22: Hash=50695543, Title=Mock Wallpaper 22
  Index 23: Hash=31497787, Title=Mock Wallpaper 23
  Index 24: Hash=6849756, Title=Mock Wallpaper 24
  Index 25: Hash=35307962, Title=Mock Wallpaper 25
  Index 26: Hash=41381104, Title=Mock Wallpaper 26
  Index 27: Hash=36885620, Title=Mock Wallpaper 27

--- PHASE: Scrolling (ScrollChanged) ---
Timestamp: 2026-05-30 14:26:29.345
Total items: 200
CanContentScroll: True
Scroll Offset: 4141.32
Realized containers count: 6
Containers details:
  Index 22: Hash=50695543, Title=Mock Wallpaper 22
  Index 23: Hash=31497787, Title=Mock Wallpaper 23
  Index 24: Hash=6849756, Title=Mock Wallpaper 24
  Index 25: Hash=35307962, Title=Mock Wallpaper 25
  Index 26: Hash=41381104, Title=Mock Wallpaper 26
  Index 27: Hash=36885620, Title=Mock Wallpaper 27

--- PHASE: Scrolling (ScrollChanged) ---
Timestamp: 2026-05-30 14:26:29.348
Total items: 200
CanContentScroll: True
Scroll Offset: 4310.44
Realized containers count: 6
Containers details:
  Index 23: Hash=31497787, Title=Mock Wallpaper 23
  Index 24: Hash=6849756, Title=Mock Wallpaper 24
  Index 25: Hash=35307962, Title=Mock Wallpaper 25
  Index 26: Hash=41381104, Title=Mock Wallpaper 26
  Index 27: Hash=36885620, Title=Mock Wallpaper 27
  Index 28: Hash=38622084, Title=Mock Wallpaper 28

--- PHASE: Scrolling (ScrollChanged) ---
Timestamp: 2026-05-30 14:26:29.353
Total items: 200
CanContentScroll: True
Scroll Offset: 4459.26
Realized containers count: 6
Containers details:
  Index 24: Hash=6849756, Title=Mock Wallpaper 24
  Index 25: Hash=35307962, Title=Mock Wallpaper 25
  Index 26: Hash=41381104, Title=Mock Wallpaper 26
  Index 27: Hash=36885620, Title=Mock Wallpaper 27
  Index 28: Hash=38622084, Title=Mock Wallpaper 28
  Index 29: Hash=51134510, Title=Mock Wallpaper 29

--- PHASE: Scrolling (ScrollChanged) ---
Timestamp: 2026-05-30 14:26:29.358
Total items: 200
CanContentScroll: True
Scroll Offset: 4590.23
Realized containers count: 7
Containers details:
  Index 24: Hash=6849756, Title=Mock Wallpaper 24
  Index 25: Hash=35307962, Title=Mock Wallpaper 25
  Index 26: Hash=41381104, Title=Mock Wallpaper 26
  Index 27: Hash=36885620, Title=Mock Wallpaper 27
  Index 28: Hash=38622084, Title=Mock Wallpaper 28
  Index 29: Hash=51134510, Title=Mock Wallpaper 29
  Index 30: Hash=12054440, Title=Mock Wallpaper 30

--- PHASE: Scrolling (ScrollChanged) ---
Timestamp: 2026-05-30 14:26:29.362
Total items: 200
CanContentScroll: True
Scroll Offset: 4705.48
Realized containers count: 6
Containers details:
  Index 25: Hash=35307962, Title=Mock Wallpaper 25
  Index 26: Hash=41381104, Title=Mock Wallpaper 26
  Index 27: Hash=36885620, Title=Mock Wallpaper 27
  Index 28: Hash=38622084, Title=Mock Wallpaper 28
  Index 29: Hash=51134510, Title=Mock Wallpaper 29
  Index 30: Hash=12054440, Title=Mock Wallpaper 30

--- PHASE: Scrolling ---
Timestamp: 2026-05-30 14:26:29.365
Total items: 200
CanContentScroll: True
Scroll Offset: 4705.48
Realized containers count: 7
Containers details:
  Index 25: Hash=35307962, Title=Mock Wallpaper 25
  Index 26: Hash=41381104, Title=Mock Wallpaper 26
  Index 27: Hash=36885620, Title=Mock Wallpaper 27
  Index 28: Hash=38622084, Title=Mock Wallpaper 28
  Index 29: Hash=51134510, Title=Mock Wallpaper 29
  Index 30: Hash=12054440, Title=Mock Wallpaper 30
  Index 31: Hash=50695543, Title=Mock Wallpaper 31

--- PHASE: Scrolling (ScrollChanged) ---
Timestamp: 2026-05-30 14:26:29.367
Total items: 200
CanContentScroll: True
Scroll Offset: 4806.90
Realized containers count: 6
Containers details:
  Index 26: Hash=41381104, Title=Mock Wallpaper 26
  Index 27: Hash=36885620, Title=Mock Wallpaper 27
  Index 28: Hash=38622084, Title=Mock Wallpaper 28
  Index 29: Hash=51134510, Title=Mock Wallpaper 29
  Index 30: Hash=12054440, Title=Mock Wallpaper 30
  Index 31: Hash=50695543, Title=Mock Wallpaper 31

--- PHASE: Scrolling (ScrollChanged) ---
Timestamp: 2026-05-30 14:26:29.371
Total items: 200
CanContentScroll: True
Scroll Offset: 4896.15
Realized containers count: 7
Containers details:
  Index 26: Hash=41381104, Title=Mock Wallpaper 26
  Index 27: Hash=36885620, Title=Mock Wallpaper 27
  Index 28: Hash=38622084, Title=Mock Wallpaper 28
  Index 29: Hash=51134510, Title=Mock Wallpaper 29
  Index 30: Hash=12054440, Title=Mock Wallpaper 30
  Index 31: Hash=50695543, Title=Mock Wallpaper 31
  Index 32: Hash=31497787, Title=Mock Wallpaper 32

--- PHASE: Scrolling (ScrollChanged) ---
Timestamp: 2026-05-30 14:26:29.375
Total items: 200
CanContentScroll: True
Scroll Offset: 4974.69
Realized containers count: 6
Containers details:
  Index 27: Hash=36885620, Title=Mock Wallpaper 27
  Index 28: Hash=38622084, Title=Mock Wallpaper 28
  Index 29: Hash=51134510, Title=Mock Wallpaper 29
  Index 30: Hash=12054440, Title=Mock Wallpaper 30
  Index 31: Hash=50695543, Title=Mock Wallpaper 31
  Index 32: Hash=31497787, Title=Mock Wallpaper 32

--- PHASE: Scrolling (ScrollChanged) ---
Timestamp: 2026-05-30 14:26:29.379
Total items: 200
CanContentScroll: True
Scroll Offset: 5043.81
Realized containers count: 7
Containers details:
  Index 27: Hash=36885620, Title=Mock Wallpaper 27
  Index 28: Hash=38622084, Title=Mock Wallpaper 28
  Index 29: Hash=51134510, Title=Mock Wallpaper 29
  Index 30: Hash=12054440, Title=Mock Wallpaper 30
  Index 31: Hash=50695543, Title=Mock Wallpaper 31
  Index 32: Hash=31497787, Title=Mock Wallpaper 32
  Index 33: Hash=6849756, Title=Mock Wallpaper 33

--- PHASE: Scrolling (ScrollChanged) ---
Timestamp: 2026-05-30 14:26:29.387
Total items: 200
CanContentScroll: True
Scroll Offset: 5104.63
Realized containers count: 7
Containers details:
  Index 27: Hash=36885620, Title=Mock Wallpaper 27
  Index 28: Hash=38622084, Title=Mock Wallpaper 28
  Index 29: Hash=51134510, Title=Mock Wallpaper 29
  Index 30: Hash=12054440, Title=Mock Wallpaper 30
  Index 31: Hash=50695543, Title=Mock Wallpaper 31
  Index 32: Hash=31497787, Title=Mock Wallpaper 32
  Index 33: Hash=6849756, Title=Mock Wallpaper 33

--- PHASE: Scrolling ---
Timestamp: 2026-05-30 14:26:29.389
Total items: 200
CanContentScroll: True
Scroll Offset: 5104.63
Realized containers count: 7
Containers details:
  Index 27: Hash=36885620, Title=Mock Wallpaper 27
  Index 28: Hash=38622084, Title=Mock Wallpaper 28
  Index 29: Hash=51134510, Title=Mock Wallpaper 29
  Index 30: Hash=12054440, Title=Mock Wallpaper 30
  Index 31: Hash=50695543, Title=Mock Wallpaper 31
  Index 32: Hash=31497787, Title=Mock Wallpaper 32
  Index 33: Hash=6849756, Title=Mock Wallpaper 33

--- PHASE: Scrolling (ScrollChanged) ---
Timestamp: 2026-05-30 14:26:29.391
Total items: 200
CanContentScroll: True
Scroll Offset: 5158.15
Realized containers count: 6
Containers details:
  Index 28: Hash=38622084, Title=Mock Wallpaper 28
  Index 29: Hash=51134510, Title=Mock Wallpaper 29
  Index 30: Hash=12054440, Title=Mock Wallpaper 30
  Index 31: Hash=50695543, Title=Mock Wallpaper 31
  Index 32: Hash=31497787, Title=Mock Wallpaper 32
  Index 33: Hash=6849756, Title=Mock Wallpaper 33

--- PHASE: Scrolling (ScrollChanged) ---
Timestamp: 2026-05-30 14:26:29.394
Total items: 200
CanContentScroll: True
Scroll Offset: 5205.25
Realized containers count: 7
Containers details:
  Index 28: Hash=38622084, Title=Mock Wallpaper 28
  Index 29: Hash=51134510, Title=Mock Wallpaper 29
  Index 30: Hash=12054440, Title=Mock Wallpaper 30
  Index 31: Hash=50695543, Title=Mock Wallpaper 31
  Index 32: Hash=31497787, Title=Mock Wallpaper 32
  Index 33: Hash=6849756, Title=Mock Wallpaper 33
  Index 34: Hash=35307962, Title=Mock Wallpaper 34

--- PHASE: Scrolling (ScrollChanged) ---
Timestamp: 2026-05-30 14:26:29.397
Total items: 200
CanContentScroll: True
Scroll Offset: 5246.70
Realized containers count: 6
Containers details:
  Index 29: Hash=51134510, Title=Mock Wallpaper 29
  Index 30: Hash=12054440, Title=Mock Wallpaper 30
  Index 31: Hash=50695543, Title=Mock Wallpaper 31
  Index 32: Hash=31497787, Title=Mock Wallpaper 32
  Index 33: Hash=6849756, Title=Mock Wallpaper 33
  Index 34: Hash=35307962, Title=Mock Wallpaper 34

--- PHASE: Scrolling (ScrollChanged) ---
Timestamp: 2026-05-30 14:26:29.399
Total items: 200
CanContentScroll: True
Scroll Offset: 5283.17
Realized containers count: 6
Containers details:
  Index 29: Hash=51134510, Title=Mock Wallpaper 29
  Index 30: Hash=12054440, Title=Mock Wallpaper 30
  Index 31: Hash=50695543, Title=Mock Wallpaper 31
  Index 32: Hash=31497787, Title=Mock Wallpaper 32
  Index 33: Hash=6849756, Title=Mock Wallpaper 33
  Index 34: Hash=35307962, Title=Mock Wallpaper 34

--- PHASE: Scrolling (ScrollChanged) ---
Timestamp: 2026-05-30 14:26:29.401
Total items: 200
CanContentScroll: True
Scroll Offset: 5315.27
Realized containers count: 6
Containers details:
  Index 29: Hash=51134510, Title=Mock Wallpaper 29
  Index 30: Hash=12054440, Title=Mock Wallpaper 30
  Index 31: Hash=50695543, Title=Mock Wallpaper 31
  Index 32: Hash=31497787, Title=Mock Wallpaper 32
  Index 33: Hash=6849756, Title=Mock Wallpaper 33
  Index 34: Hash=35307962, Title=Mock Wallpaper 34

--- PHASE: Scrolling ---
Timestamp: 2026-05-30 14:26:29.405
Total items: 200
CanContentScroll: True
Scroll Offset: 5315.27
Realized containers count: 7
Containers details:
  Index 29: Hash=51134510, Title=Mock Wallpaper 29
  Index 30: Hash=12054440, Title=Mock Wallpaper 30
  Index 31: Hash=50695543, Title=Mock Wallpaper 31
  Index 32: Hash=31497787, Title=Mock Wallpaper 32
  Index 33: Hash=6849756, Title=Mock Wallpaper 33
  Index 34: Hash=35307962, Title=Mock Wallpaper 34
  Index 35: Hash=41381104, Title=Mock Wallpaper 35

--- PHASE: Scrolling (ScrollChanged) ---
Timestamp: 2026-05-30 14:26:29.406
Total items: 200
CanContentScroll: True
Scroll Offset: 5343.52
Realized containers count: 7
Containers details:
  Index 29: Hash=51134510, Title=Mock Wallpaper 29
  Index 30: Hash=12054440, Title=Mock Wallpaper 30
  Index 31: Hash=50695543, Title=Mock Wallpaper 31
  Index 32: Hash=31497787, Title=Mock Wallpaper 32
  Index 33: Hash=6849756, Title=Mock Wallpaper 33
  Index 34: Hash=35307962, Title=Mock Wallpaper 34
  Index 35: Hash=41381104, Title=Mock Wallpaper 35

--- PHASE: Scrolling (ScrollChanged) ---
Timestamp: 2026-05-30 14:26:29.409
Total items: 200
CanContentScroll: True
Scroll Offset: 5368.37
Realized containers count: 6
Containers details:
  Index 30: Hash=12054440, Title=Mock Wallpaper 30
  Index 31: Hash=50695543, Title=Mock Wallpaper 31
  Index 32: Hash=31497787, Title=Mock Wallpaper 32
  Index 33: Hash=6849756, Title=Mock Wallpaper 33
  Index 34: Hash=35307962, Title=Mock Wallpaper 34
  Index 35: Hash=41381104, Title=Mock Wallpaper 35

--- PHASE: Scrolling (ScrollChanged) ---
Timestamp: 2026-05-30 14:26:29.412
Total items: 200
CanContentScroll: True
Scroll Offset: 5390.24
Realized containers count: 6
Containers details:
  Index 30: Hash=12054440, Title=Mock Wallpaper 30
  Index 31: Hash=50695543, Title=Mock Wallpaper 31
  Index 32: Hash=31497787, Title=Mock Wallpaper 32
  Index 33: Hash=6849756, Title=Mock Wallpaper 33
  Index 34: Hash=35307962, Title=Mock Wallpaper 34
  Index 35: Hash=41381104, Title=Mock Wallpaper 35

--- PHASE: Scrolling (ScrollChanged) ---
Timestamp: 2026-05-30 14:26:29.413
Total items: 200
CanContentScroll: True
Scroll Offset: 5409.49
Realized containers count: 6
Containers details:
  Index 30: Hash=12054440, Title=Mock Wallpaper 30
  Index 31: Hash=50695543, Title=Mock Wallpaper 31
  Index 32: Hash=31497787, Title=Mock Wallpaper 32
  Index 33: Hash=6849756, Title=Mock Wallpaper 33
  Index 34: Hash=35307962, Title=Mock Wallpaper 34
  Index 35: Hash=41381104, Title=Mock Wallpaper 35

--- PHASE: Scrolling (ScrollChanged) ---
Timestamp: 2026-05-30 14:26:29.415
Total items: 200
CanContentScroll: True
Scroll Offset: 5426.43
Realized containers count: 6
Containers details:
  Index 30: Hash=12054440, Title=Mock Wallpaper 30
  Index 31: Hash=50695543, Title=Mock Wallpaper 31
  Index 32: Hash=31497787, Title=Mock Wallpaper 32
  Index 33: Hash=6849756, Title=Mock Wallpaper 33
  Index 34: Hash=35307962, Title=Mock Wallpaper 34
  Index 35: Hash=41381104, Title=Mock Wallpaper 35

--- PHASE: Scrolling ---
Timestamp: 2026-05-30 14:26:29.417
Total items: 200
CanContentScroll: True
Scroll Offset: 5426.43
Realized containers count: 6
Containers details:
  Index 30: Hash=12054440, Title=Mock Wallpaper 30
  Index 31: Hash=50695543, Title=Mock Wallpaper 31
  Index 32: Hash=31497787, Title=Mock Wallpaper 32
  Index 33: Hash=6849756, Title=Mock Wallpaper 33
  Index 34: Hash=35307962, Title=Mock Wallpaper 34
  Index 35: Hash=41381104, Title=Mock Wallpaper 35

--- PHASE: Scrolling (ScrollChanged) ---
Timestamp: 2026-05-30 14:26:29.418
Total items: 200
CanContentScroll: True
Scroll Offset: 5441.34
Realized containers count: 6
Containers details:
  Index 30: Hash=12054440, Title=Mock Wallpaper 30
  Index 31: Hash=50695543, Title=Mock Wallpaper 31
  Index 32: Hash=31497787, Title=Mock Wallpaper 32
  Index 33: Hash=6849756, Title=Mock Wallpaper 33
  Index 34: Hash=35307962, Title=Mock Wallpaper 34
  Index 35: Hash=41381104, Title=Mock Wallpaper 35

--- PHASE: Scrolling (ScrollChanged) ---
Timestamp: 2026-05-30 14:26:29.419
Total items: 200
CanContentScroll: True
Scroll Offset: 5454.46
Realized containers count: 6
Containers details:
  Index 30: Hash=12054440, Title=Mock Wallpaper 30
  Index 31: Hash=50695543, Title=Mock Wallpaper 31
  Index 32: Hash=31497787, Title=Mock Wallpaper 32
  Index 33: Hash=6849756, Title=Mock Wallpaper 33
  Index 34: Hash=35307962, Title=Mock Wallpaper 34
  Index 35: Hash=41381104, Title=Mock Wallpaper 35

--- PHASE: Scrolling (ScrollChanged) ---
Timestamp: 2026-05-30 14:26:29.421
Total items: 200
CanContentScroll: True
Scroll Offset: 5466.00
Realized containers count: 6
Containers details:
  Index 30: Hash=12054440, Title=Mock Wallpaper 30
  Index 31: Hash=50695543, Title=Mock Wallpaper 31
  Index 32: Hash=31497787, Title=Mock Wallpaper 32
  Index 33: Hash=6849756, Title=Mock Wallpaper 33
  Index 34: Hash=35307962, Title=Mock Wallpaper 34
  Index 35: Hash=41381104, Title=Mock Wallpaper 35

--- PHASE: Scrolling (ScrollChanged) ---
Timestamp: 2026-05-30 14:26:29.422
Total items: 200
CanContentScroll: True
Scroll Offset: 5476.16
Realized containers count: 6
Containers details:
  Index 30: Hash=12054440, Title=Mock Wallpaper 30
  Index 31: Hash=50695543, Title=Mock Wallpaper 31
  Index 32: Hash=31497787, Title=Mock Wallpaper 32
  Index 33: Hash=6849756, Title=Mock Wallpaper 33
  Index 34: Hash=35307962, Title=Mock Wallpaper 34
  Index 35: Hash=41381104, Title=Mock Wallpaper 35

--- PHASE: Scrolling (ScrollChanged) ---
Timestamp: 2026-05-30 14:26:29.430
Total items: 200
CanContentScroll: True
Scroll Offset: 5485.10
Realized containers count: 6
Containers details:
  Index 30: Hash=12054440, Title=Mock Wallpaper 30
  Index 31: Hash=50695543, Title=Mock Wallpaper 31
  Index 32: Hash=31497787, Title=Mock Wallpaper 32
  Index 33: Hash=6849756, Title=Mock Wallpaper 33
  Index 34: Hash=35307962, Title=Mock Wallpaper 34
  Index 35: Hash=41381104, Title=Mock Wallpaper 35

--- PHASE: Scrolling ---
Timestamp: 2026-05-30 14:26:29.431
Total items: 200
CanContentScroll: True
Scroll Offset: 5485.10
Realized containers count: 6
Containers details:
  Index 30: Hash=12054440, Title=Mock Wallpaper 30
  Index 31: Hash=50695543, Title=Mock Wallpaper 31
  Index 32: Hash=31497787, Title=Mock Wallpaper 32
  Index 33: Hash=6849756, Title=Mock Wallpaper 33
  Index 34: Hash=35307962, Title=Mock Wallpaper 34
  Index 35: Hash=41381104, Title=Mock Wallpaper 35

--- PHASE: Scrolling (ScrollChanged) ---
Timestamp: 2026-05-30 14:26:29.432
Total items: 200
CanContentScroll: True
Scroll Offset: 5492.96
Realized containers count: 6
Containers details:
  Index 30: Hash=12054440, Title=Mock Wallpaper 30
  Index 31: Hash=50695543, Title=Mock Wallpaper 31
  Index 32: Hash=31497787, Title=Mock Wallpaper 32
  Index 33: Hash=6849756, Title=Mock Wallpaper 33
  Index 34: Hash=35307962, Title=Mock Wallpaper 34
  Index 35: Hash=41381104, Title=Mock Wallpaper 35

--- PHASE: Scrolling (ScrollChanged) ---
Timestamp: 2026-05-30 14:26:29.435
Total items: 200
CanContentScroll: True
Scroll Offset: 5499.89
Realized containers count: 7
Containers details:
  Index 30: Hash=12054440, Title=Mock Wallpaper 30
  Index 31: Hash=50695543, Title=Mock Wallpaper 31
  Index 32: Hash=31497787, Title=Mock Wallpaper 32
  Index 33: Hash=6849756, Title=Mock Wallpaper 33
  Index 34: Hash=35307962, Title=Mock Wallpaper 34
  Index 35: Hash=41381104, Title=Mock Wallpaper 35
  Index 36: Hash=36885620, Title=Mock Wallpaper 36

--- PHASE: Scrolling (ScrollChanged) ---
Timestamp: 2026-05-30 14:26:29.437
Total items: 200
CanContentScroll: True
Scroll Offset: 5505.98
Realized containers count: 7
Containers details:
  Index 30: Hash=12054440, Title=Mock Wallpaper 30
  Index 31: Hash=50695543, Title=Mock Wallpaper 31
  Index 32: Hash=31497787, Title=Mock Wallpaper 32
  Index 33: Hash=6849756, Title=Mock Wallpaper 33
  Index 34: Hash=35307962, Title=Mock Wallpaper 34
  Index 35: Hash=41381104, Title=Mock Wallpaper 35
  Index 36: Hash=36885620, Title=Mock Wallpaper 36

--- PHASE: Scrolling (ScrollChanged) ---
Timestamp: 2026-05-30 14:26:29.441
Total items: 200
CanContentScroll: True
Scroll Offset: 5511.34
Realized containers count: 6
Containers details:
  Index 31: Hash=50695543, Title=Mock Wallpaper 31
  Index 32: Hash=31497787, Title=Mock Wallpaper 32
  Index 33: Hash=6849756, Title=Mock Wallpaper 33
  Index 34: Hash=35307962, Title=Mock Wallpaper 34
  Index 35: Hash=41381104, Title=Mock Wallpaper 35
  Index 36: Hash=36885620, Title=Mock Wallpaper 36

--- PHASE: Scrolling (ScrollChanged) ---
Timestamp: 2026-05-30 14:26:29.443
Total items: 200
CanContentScroll: True
Scroll Offset: 5516.06
Realized containers count: 6
Containers details:
  Index 31: Hash=50695543, Title=Mock Wallpaper 31
  Index 32: Hash=31497787, Title=Mock Wallpaper 32
  Index 33: Hash=6849756, Title=Mock Wallpaper 33
  Index 34: Hash=35307962, Title=Mock Wallpaper 34
  Index 35: Hash=41381104, Title=Mock Wallpaper 35
  Index 36: Hash=36885620, Title=Mock Wallpaper 36

--- PHASE: Scrolling ---
Timestamp: 2026-05-30 14:26:29.445
Total items: 200
CanContentScroll: True
Scroll Offset: 5516.06
Realized containers count: 6
Containers details:
  Index 31: Hash=50695543, Title=Mock Wallpaper 31
  Index 32: Hash=31497787, Title=Mock Wallpaper 32
  Index 33: Hash=6849756, Title=Mock Wallpaper 33
  Index 34: Hash=35307962, Title=Mock Wallpaper 34
  Index 35: Hash=41381104, Title=Mock Wallpaper 35
  Index 36: Hash=36885620, Title=Mock Wallpaper 36

--- PHASE: Scrolling (ScrollChanged) ---
Timestamp: 2026-05-30 14:26:29.447
Total items: 200
CanContentScroll: True
Scroll Offset: 5520.21
Realized containers count: 6
Containers details:
  Index 31: Hash=50695543, Title=Mock Wallpaper 31
  Index 32: Hash=31497787, Title=Mock Wallpaper 32
  Index 33: Hash=6849756, Title=Mock Wallpaper 33
  Index 34: Hash=35307962, Title=Mock Wallpaper 34
  Index 35: Hash=41381104, Title=Mock Wallpaper 35
  Index 36: Hash=36885620, Title=Mock Wallpaper 36

--- PHASE: Scrolling (ScrollChanged) ---
Timestamp: 2026-05-30 14:26:29.448
Total items: 200
CanContentScroll: True
Scroll Offset: 5523.86
Realized containers count: 6
Containers details:
  Index 31: Hash=50695543, Title=Mock Wallpaper 31
  Index 32: Hash=31497787, Title=Mock Wallpaper 32
  Index 33: Hash=6849756, Title=Mock Wallpaper 33
  Index 34: Hash=35307962, Title=Mock Wallpaper 34
  Index 35: Hash=41381104, Title=Mock Wallpaper 35
  Index 36: Hash=36885620, Title=Mock Wallpaper 36

--- PHASE: Scrolling (ScrollChanged) ---
Timestamp: 2026-05-30 14:26:29.449
Total items: 200
CanContentScroll: True
Scroll Offset: 5527.08
Realized containers count: 6
Containers details:
  Index 31: Hash=50695543, Title=Mock Wallpaper 31
  Index 32: Hash=31497787, Title=Mock Wallpaper 32
  Index 33: Hash=6849756, Title=Mock Wallpaper 33
  Index 34: Hash=35307962, Title=Mock Wallpaper 34
  Index 35: Hash=41381104, Title=Mock Wallpaper 35
  Index 36: Hash=36885620, Title=Mock Wallpaper 36

--- PHASE: Scrolling (ScrollChanged) ---
Timestamp: 2026-05-30 14:26:29.451
Total items: 200
CanContentScroll: True
Scroll Offset: 5529.90
Realized containers count: 6
Containers details:
  Index 31: Hash=50695543, Title=Mock Wallpaper 31
  Index 32: Hash=31497787, Title=Mock Wallpaper 32
  Index 33: Hash=6849756, Title=Mock Wallpaper 33
  Index 34: Hash=35307962, Title=Mock Wallpaper 34
  Index 35: Hash=41381104, Title=Mock Wallpaper 35
  Index 36: Hash=36885620, Title=Mock Wallpaper 36

--- PHASE: Scrolling (ScrollChanged) ---
Timestamp: 2026-05-30 14:26:29.453
Total items: 200
CanContentScroll: True
Scroll Offset: 5532.39
Realized containers count: 6
Containers details:
  Index 31: Hash=50695543, Title=Mock Wallpaper 31
  Index 32: Hash=31497787, Title=Mock Wallpaper 32
  Index 33: Hash=6849756, Title=Mock Wallpaper 33
  Index 34: Hash=35307962, Title=Mock Wallpaper 34
  Index 35: Hash=41381104, Title=Mock Wallpaper 35
  Index 36: Hash=36885620, Title=Mock Wallpaper 36

--- PHASE: Scrolling ---
Timestamp: 2026-05-30 14:26:29.455
Total items: 200
CanContentScroll: True
Scroll Offset: 5532.39
Realized containers count: 6
Containers details:
  Index 31: Hash=50695543, Title=Mock Wallpaper 31
  Index 32: Hash=31497787, Title=Mock Wallpaper 32
  Index 33: Hash=6849756, Title=Mock Wallpaper 33
  Index 34: Hash=35307962, Title=Mock Wallpaper 34
  Index 35: Hash=41381104, Title=Mock Wallpaper 35
  Index 36: Hash=36885620, Title=Mock Wallpaper 36

--- PHASE: Scrolling (ScrollChanged) ---
Timestamp: 2026-05-30 14:26:29.456
Total items: 200
CanContentScroll: True
Scroll Offset: 5534.58
Realized containers count: 6
Containers details:
  Index 31: Hash=50695543, Title=Mock Wallpaper 31
  Index 32: Hash=31497787, Title=Mock Wallpaper 32
  Index 33: Hash=6849756, Title=Mock Wallpaper 33
  Index 34: Hash=35307962, Title=Mock Wallpaper 34
  Index 35: Hash=41381104, Title=Mock Wallpaper 35
  Index 36: Hash=36885620, Title=Mock Wallpaper 36

--- PHASE: Scrolling (ScrollChanged) ---
Timestamp: 2026-05-30 14:26:29.458
Total items: 200
CanContentScroll: True
Scroll Offset: 5536.51
Realized containers count: 6
Containers details:
  Index 31: Hash=50695543, Title=Mock Wallpaper 31
  Index 32: Hash=31497787, Title=Mock Wallpaper 32
  Index 33: Hash=6849756, Title=Mock Wallpaper 33
  Index 34: Hash=35307962, Title=Mock Wallpaper 34
  Index 35: Hash=41381104, Title=Mock Wallpaper 35
  Index 36: Hash=36885620, Title=Mock Wallpaper 36

--- PHASE: Scrolling (ScrollChanged) ---
Timestamp: 2026-05-30 14:26:29.461
Total items: 200
CanContentScroll: True
Scroll Offset: 5538.21
Realized containers count: 6
Containers details:
  Index 31: Hash=50695543, Title=Mock Wallpaper 31
  Index 32: Hash=31497787, Title=Mock Wallpaper 32
  Index 33: Hash=6849756, Title=Mock Wallpaper 33
  Index 34: Hash=35307962, Title=Mock Wallpaper 34
  Index 35: Hash=41381104, Title=Mock Wallpaper 35
  Index 36: Hash=36885620, Title=Mock Wallpaper 36

--- PHASE: Scrolling (ScrollChanged) ---
Timestamp: 2026-05-30 14:26:29.463
Total items: 200
CanContentScroll: True
Scroll Offset: 5539.70
Realized containers count: 6
Containers details:
  Index 31: Hash=50695543, Title=Mock Wallpaper 31
  Index 32: Hash=31497787, Title=Mock Wallpaper 32
  Index 33: Hash=6849756, Title=Mock Wallpaper 33
  Index 34: Hash=35307962, Title=Mock Wallpaper 34
  Index 35: Hash=41381104, Title=Mock Wallpaper 35
  Index 36: Hash=36885620, Title=Mock Wallpaper 36

--- PHASE: Scrolling (ScrollChanged) ---
Timestamp: 2026-05-30 14:26:29.466
Total items: 200
CanContentScroll: True
Scroll Offset: 5541.02
Realized containers count: 6
Containers details:
  Index 31: Hash=50695543, Title=Mock Wallpaper 31
  Index 32: Hash=31497787, Title=Mock Wallpaper 32
  Index 33: Hash=6849756, Title=Mock Wallpaper 33
  Index 34: Hash=35307962, Title=Mock Wallpaper 34
  Index 35: Hash=41381104, Title=Mock Wallpaper 35
  Index 36: Hash=36885620, Title=Mock Wallpaper 36

--- PHASE: Scrolling ---
Timestamp: 2026-05-30 14:26:29.468
Total items: 200
CanContentScroll: True
Scroll Offset: 5541.02
Realized containers count: 6
Containers details:
  Index 31: Hash=50695543, Title=Mock Wallpaper 31
  Index 32: Hash=31497787, Title=Mock Wallpaper 32
  Index 33: Hash=6849756, Title=Mock Wallpaper 33
  Index 34: Hash=35307962, Title=Mock Wallpaper 34
  Index 35: Hash=41381104, Title=Mock Wallpaper 35
  Index 36: Hash=36885620, Title=Mock Wallpaper 36

--- PHASE: Scrolling (ScrollChanged) ---
Timestamp: 2026-05-30 14:26:29.469
Total items: 200
CanContentScroll: True
Scroll Offset: 5542.17
Realized containers count: 6
Containers details:
  Index 31: Hash=50695543, Title=Mock Wallpaper 31
  Index 32: Hash=31497787, Title=Mock Wallpaper 32
  Index 33: Hash=6849756, Title=Mock Wallpaper 33
  Index 34: Hash=35307962, Title=Mock Wallpaper 34
  Index 35: Hash=41381104, Title=Mock Wallpaper 35
  Index 36: Hash=36885620, Title=Mock Wallpaper 36

--- PHASE: Scrolling (ScrollChanged) ---
Timestamp: 2026-05-30 14:26:29.471
Total items: 200
CanContentScroll: True
Scroll Offset: 5543.19
Realized containers count: 6
Containers details:
  Index 31: Hash=50695543, Title=Mock Wallpaper 31
  Index 32: Hash=31497787, Title=Mock Wallpaper 32
  Index 33: Hash=6849756, Title=Mock Wallpaper 33
  Index 34: Hash=35307962, Title=Mock Wallpaper 34
  Index 35: Hash=41381104, Title=Mock Wallpaper 35
  Index 36: Hash=36885620, Title=Mock Wallpaper 36

--- PHASE: Scrolling (ScrollChanged) ---
Timestamp: 2026-05-30 14:26:29.473
Total items: 200
CanContentScroll: True
Scroll Offset: 5544.08
Realized containers count: 6
Containers details:
  Index 31: Hash=50695543, Title=Mock Wallpaper 31
  Index 32: Hash=31497787, Title=Mock Wallpaper 32
  Index 33: Hash=6849756, Title=Mock Wallpaper 33
  Index 34: Hash=35307962, Title=Mock Wallpaper 34
  Index 35: Hash=41381104, Title=Mock Wallpaper 35
  Index 36: Hash=36885620, Title=Mock Wallpaper 36

--- PHASE: Scrolling (ScrollChanged) ---
Timestamp: 2026-05-30 14:26:29.475
Total items: 200
CanContentScroll: True
Scroll Offset: 5544.87
Realized containers count: 6
Containers details:
  Index 31: Hash=50695543, Title=Mock Wallpaper 31
  Index 32: Hash=31497787, Title=Mock Wallpaper 32
  Index 33: Hash=6849756, Title=Mock Wallpaper 33
  Index 34: Hash=35307962, Title=Mock Wallpaper 34
  Index 35: Hash=41381104, Title=Mock Wallpaper 35
  Index 36: Hash=36885620, Title=Mock Wallpaper 36

--- PHASE: Scrolling (ScrollChanged) ---
Timestamp: 2026-05-30 14:26:29.477
Total items: 200
CanContentScroll: True
Scroll Offset: 5545.57
Realized containers count: 6
Containers details:
  Index 31: Hash=50695543, Title=Mock Wallpaper 31
  Index 32: Hash=31497787, Title=Mock Wallpaper 32
  Index 33: Hash=6849756, Title=Mock Wallpaper 33
  Index 34: Hash=35307962, Title=Mock Wallpaper 34
  Index 35: Hash=41381104, Title=Mock Wallpaper 35
  Index 36: Hash=36885620, Title=Mock Wallpaper 36

--- PHASE: Scrolling ---
Timestamp: 2026-05-30 14:26:29.477
Total items: 200
CanContentScroll: True
Scroll Offset: 5545.57
Realized containers count: 6
Containers details:
  Index 31: Hash=50695543, Title=Mock Wallpaper 31
  Index 32: Hash=31497787, Title=Mock Wallpaper 32
  Index 33: Hash=6849756, Title=Mock Wallpaper 33
  Index 34: Hash=35307962, Title=Mock Wallpaper 34
  Index 35: Hash=41381104, Title=Mock Wallpaper 35
  Index 36: Hash=36885620, Title=Mock Wallpaper 36

--- PHASE: Scrolling (ScrollChanged) ---
Timestamp: 2026-05-30 14:26:29.478
Total items: 200
CanContentScroll: True
Scroll Offset: 5546.18
Realized containers count: 6
Containers details:
  Index 31: Hash=50695543, Title=Mock Wallpaper 31
  Index 32: Hash=31497787, Title=Mock Wallpaper 32
  Index 33: Hash=6849756, Title=Mock Wallpaper 33
  Index 34: Hash=35307962, Title=Mock Wallpaper 34
  Index 35: Hash=41381104, Title=Mock Wallpaper 35
  Index 36: Hash=36885620, Title=Mock Wallpaper 36

--- PHASE: Scrolling (ScrollChanged) ---
Timestamp: 2026-05-30 14:26:29.480
Total items: 200
CanContentScroll: True
Scroll Offset: 5546.71
Realized containers count: 6
Containers details:
  Index 31: Hash=50695543, Title=Mock Wallpaper 31
  Index 32: Hash=31497787, Title=Mock Wallpaper 32
  Index 33: Hash=6849756, Title=Mock Wallpaper 33
  Index 34: Hash=35307962, Title=Mock Wallpaper 34
  Index 35: Hash=41381104, Title=Mock Wallpaper 35
  Index 36: Hash=36885620, Title=Mock Wallpaper 36

--- PHASE: Scrolling (ScrollChanged) ---
Timestamp: 2026-05-30 14:26:29.481
Total items: 200
CanContentScroll: True
Scroll Offset: 5547.19
Realized containers count: 6
Containers details:
  Index 31: Hash=50695543, Title=Mock Wallpaper 31
  Index 32: Hash=31497787, Title=Mock Wallpaper 32
  Index 33: Hash=6849756, Title=Mock Wallpaper 33
  Index 34: Hash=35307962, Title=Mock Wallpaper 34
  Index 35: Hash=41381104, Title=Mock Wallpaper 35
  Index 36: Hash=36885620, Title=Mock Wallpaper 36

--- PHASE: Scrolling (ScrollChanged) ---
Timestamp: 2026-05-30 14:26:29.483
Total items: 200
CanContentScroll: True
Scroll Offset: 5547.60
Realized containers count: 6
Containers details:
  Index 31: Hash=50695543, Title=Mock Wallpaper 31
  Index 32: Hash=31497787, Title=Mock Wallpaper 32
  Index 33: Hash=6849756, Title=Mock Wallpaper 33
  Index 34: Hash=35307962, Title=Mock Wallpaper 34
  Index 35: Hash=41381104, Title=Mock Wallpaper 35
  Index 36: Hash=36885620, Title=Mock Wallpaper 36

--- PHASE: Settled (After Scroll) ---
Timestamp: 2026-05-30 14:26:29.485
Total items: 200
CanContentScroll: True
Scroll Offset: 5547.60
Realized containers count: 6
Containers details:
  Index 31: Hash=50695543, Title=Mock Wallpaper 31
  Index 32: Hash=31497787, Title=Mock Wallpaper 32
  Index 33: Hash=6849756, Title=Mock Wallpaper 33
  Index 34: Hash=35307962, Title=Mock Wallpaper 34
  Index 35: Hash=41381104, Title=Mock Wallpaper 35
  Index 36: Hash=36885620, Title=Mock Wallpaper 36

--- PHASE: Scrolling (ScrollChanged) ---
Timestamp: 2026-05-30 14:26:29.490
Total items: 200
CanContentScroll: True
Scroll Offset: 5881.43
Realized containers count: 6
Containers details:
  Index 32: Hash=31497787, Title=Mock Wallpaper 32
  Index 33: Hash=6849756, Title=Mock Wallpaper 33
  Index 34: Hash=35307962, Title=Mock Wallpaper 34
  Index 35: Hash=41381104, Title=Mock Wallpaper 35
  Index 36: Hash=36885620, Title=Mock Wallpaper 36
  Index 37: Hash=38622084, Title=Mock Wallpaper 37

